date,EVGA_1060,ASUS_1060,PNY_1060,Nvidia_1070,MSI_1070,EVGA_1070,ASUS_1070_Ti,EVGA_1070_Ti,Gigabyte_1070_Ti,Nvidia_1080_Ti,Gigabyte_1080_Ti,ASUS_1080_TI,MSI_580,Gigabyte_580,XFX_580,ASUS_Vega_56,MSI_Vega_56,PowerColor_Vega_56
1/1/17,,$280 ,,$319 ,$440 ,$390 ,,,,,,,,,,,,
1/2/17,,$280 ,,$319 ,$440 ,$390 ,,,,,,,,,,,,
1/3/17,,$280 ,,$319 ,$440 ,$380 ,,,,,,,,,,,,
1/4/17,,$280 ,,$319 ,$425 ,$380 ,,,,,,,,,,,,
1/5/17,,$280 ,,$596 ,$425 ,$380 ,,,,,,,,,,,,
1/6/17,,$280 ,,$579 ,$425 ,$380 ,,,,,,,,,,,,
1/7/17,,$280 ,,$579 ,$425 ,$380 ,,,,,,,,,,,,
1/8/17,,$280 ,,$572 ,$425 ,$380 ,,,,,,,,,,,,
1/9/17,,$280 ,,$572 ,$425 ,$380 ,,,,,,,,,,,,
1/10/17,,$280 ,,$572 ,$420 ,$380 ,,,,,,,,,,,,
1/11/17,,$280 ,,$449 ,$420 ,$390 ,,,,,,,,,,,,
1/12/17,,$280 ,,$449 ,$420 ,$390 ,,,,,,,,,,,,
1/13/17,,$280 ,,$439 ,$420 ,$390 ,,,,,,,,,,,,
1/14/17,,$280 ,,$439 ,$420 ,$390 ,,,,,,,,,,,,
1/15/17,,$280 ,,$439 ,$420 ,$390 ,,,,,,,,,,,,
1/16/17,,$280 ,,$439 ,$420 ,$390 ,,,,,,,,,,,,
1/17/17,,$280 ,,$439 ,$420 ,$390 ,,,,,,,,,,,,
1/18/17,,$280 ,,$439 ,$420 ,$390 ,,,,,,,,,,,,
1/19/17,,$280 ,,$439 ,$420 ,$380 ,,,,,,,,,,,,
1/20/17,,$280 ,,$439 ,$420 ,$380 ,,,,,,,,,,,,
1/21/17,,$280 ,,$439 ,$420 ,$380 ,,,,,,,,,,,,
1/22/17,,$280 ,,$425 ,$420 ,$380 ,,,,,,,,,,,,
1/23/17,,$265 ,,$425 ,$420 ,$380 ,,,,,,,,,,,,
1/24/17,,$265 ,,$425 ,$420 ,$380 ,,,,,,,,,,,,
1/25/17,,$265 ,,$425 ,$420 ,$380 ,,,,,,,,,,,,
1/26/17,,$280 ,,$425 ,$420 ,$380 ,,,,,,,,,,,,
1/27/17,,$280 ,,$425 ,$420 ,$380 ,,,,,,,,,,,,
1/28/17,,$280 ,,$400 ,$420 ,$380 ,,,,,,,,,,,,
1/29/17,,$280 ,,$400 ,$420 ,$380 ,,,,,,,,,,,,
1/30/17,,$280 ,,$400 ,$420 ,$381 ,,,,,,,,,,,,
1/31/17,,$280 ,,$438 ,$405 ,$381 ,,,,,,,,,,,,
2/1/17,,$280 ,,$539 ,$405 ,$390 ,,,,,,,,,,,,
2/2/17,,$280 ,,$539 ,$420 ,$390 ,,,,,,,,,,,,
2/3/17,,$280 ,,$539 ,$420 ,$390 ,,,,,,,,,,,,
2/4/17,,$280 ,,$539 ,$420 ,$390 ,,,,,,,,,,,,
2/5/17,,$280 ,,$539 ,$420 ,$430 ,,,,,,,,,,,,
2/6/17,,$280 ,,$565 ,$420 ,$430 ,,,,,,,,,,,,
2/7/17,,$275 ,,$350 ,$420 ,$430 ,,,,,,,,,,,,
2/8/17,,$269 ,,$565 ,$420 ,$430 ,,,,,,,,,,,,
2/9/17,,$269 ,,$565 ,$420 ,$430 ,,,,,,,,,,,,
2/10/17,,$269 ,,$565 ,$420 ,$430 ,,,,,,,,,,,,
2/11/17,,$269 ,,$565 ,$420 ,$430 ,,,,,,,,,,,,
2/12/17,,$269 ,,$350 ,$420 ,$430 ,,,,,,,,,,,,
2/13/17,,$269 ,,$565 ,$420 ,$430 ,,,,,,,,,,,,
2/14/17,,$269 ,,$565 ,$420 ,$430 ,,,,,,,,,,,,
2/15/17,,$269 ,,$350 ,$420 ,$430 ,,,,,,,,,,,,
2/16/17,,$269 ,,$565 ,$410 ,$430 ,,,,,,,,,,,,
2/17/17,,$269 ,,$565 ,$410 ,$430 ,,,,,,,,,,,,
2/18/17,,$269 ,,$565 ,$410 ,$430 ,,,,,,,,,,,,
2/19/17,,$269 ,,$565 ,$410 ,$430 ,,,,,,,,,,,,
2/20/17,,$280 ,,$559 ,$410 ,$430 ,,,,,,,,,,,,
2/21/17,,$265 ,,$559 ,$420 ,$430 ,,,,,,,,,,,,
2/22/17,,$299 ,,$350 ,$420 ,$430 ,,,,,,,,,,,,
2/23/17,,$298 ,,$420 ,$420 ,$430 ,,,,,,,,,,,,
2/24/17,,$298 ,,$420 ,$420 ,$430 ,,,,,,,,,,,,
2/25/17,,$298 ,,$420 ,$420 ,$430 ,,,,,,,,,,,,
2/26/17,,$294 ,,$350 ,$420 ,$374 ,,,,,,,,,,,,
2/27/17,,$270 ,,$420 ,$420 ,$374 ,,,,,,,,,,,,
2/28/17,,$270 ,,$350 ,$420 ,$374 ,,,,,,,,,,,,
3/1/17,,$270 ,,$350 ,$420 ,$374 ,,,,,,,,,,,,
3/2/17,,$270 ,,$350 ,$420 ,$374 ,,,,,,,,,,,,
3/3/17,,$270 ,,$350 ,$420 ,$374 ,,,,,,,,,,,,
3/4/17,,$270 ,,$350 ,$420 ,$374 ,,,,,,,,,,,,
3/5/17,,$270 ,,$350 ,$420 ,$374 ,,,,,,,,,,,,
3/6/17,,$270 ,,$559 ,$420 ,$374 ,,,,,,,,,,,,
3/7/17,,$270 ,,$350 ,$420 ,$374 ,,,,,,,,,,,,
3/8/17,,$255 ,,$466 ,$430 ,$374 ,,,,,,,,,,,,
3/9/17,,$255 ,,$438 ,$430 ,$374 ,,,,,,,,,,,,
3/10/17,,$255 ,,$398 ,$420 ,$369 ,,,,,,,,,,,,
3/11/17,,$255 ,,$466 ,$420 ,$369 ,,,,,,,,,,,,
3/12/17,,$255 ,,$466 ,$420 ,$369 ,,,,,,,,,,,,
3/13/17,,$255 ,,$398 ,$430 ,$374 ,,,,,,,,,,,,
3/14/17,,$255 ,,$398 ,$430 ,$374 ,,,,$899 ,,,,,,,,
3/15/17,,$255 ,,$398 ,$430 ,$374 ,,,,$880 ,,,,,,,,
3/16/17,,$249 ,,$398 ,$430 ,$374 ,,,,$880 ,,,,,,,,
3/17/17,,$249 ,,$466 ,$430 ,$374 ,,,,$860 ,,,,,,,,
3/18/17,,$249 ,,$466 ,$430 ,$374 ,,,,$860 ,,,,,,,,
3/19/17,,$254 ,,$466 ,$430 ,$374 ,,,,$830 ,,,,,,,,
3/20/17,,$246 ,,$466 ,$430 ,$374 ,,,,$839 ,,,,,,,,
3/21/17,,$251 ,,$466 ,$415 ,$374 ,,,,$860 ,,,,,,,,
3/22/17,,$249 ,,$559 ,$415 ,$374 ,,,,$849 ,,,,,,,,
3/23/17,,$250 ,,$559 ,$415 ,$374 ,,,,$849 ,,,,,,,,
3/24/17,,$250 ,,$559 ,$415 ,$374 ,,,,$838 ,,,,,,,,
3/25/17,,$250 ,,$559 ,$415 ,$374 ,,,,$838 ,,,,,,,,
3/26/17,,$250 ,,$559 ,$415 ,$374 ,,,,$819 ,,,,,,,,
3/27/17,,$250 ,,$550 ,$415 ,$374 ,,,,$808 ,,,,,,,,
3/28/17,,$250 ,,$550 ,$420 ,$374 ,,,,$829 ,,,,,,,,
3/29/17,,$250 ,,$550 ,$420 ,$374 ,,,,$829 ,,,,,,,,
3/30/17,,$250 ,,$398 ,$420 ,$374 ,,,,$829 ,,,,,,,,
3/31/17,,$250 ,,$398 ,$420 ,$374 ,,,,$829 ,,,,,,,,
4/1/17,,$250 ,,$398 ,$420 ,$374 ,,,,$829 ,,,,,,,,
4/2/17,,$250 ,,$540 ,$420 ,$374 ,,,,$829 ,,,,,,,,
4/3/17,,$250 ,,$540 ,$420 ,$374 ,,,,$880 ,,,,,,,,
4/4/17,,$250 ,,$540 ,$420 ,$374 ,,,,$819 ,,,,,,,,
4/5/17,,$250 ,,$540 ,$420 ,$374 ,,,,$819 ,$849 ,,,,,,,
4/6/17,,$250 ,,$466 ,$420 ,$374 ,,,,$859 ,$839 ,,,,,,,
4/7/17,,$250 ,,$500 ,$420 ,$374 ,,,,$859 ,$900 ,,,,,,,
4/8/17,,$250 ,,$500 ,$420 ,$370 ,,,,$903 ,$850 ,,,,,,,
4/9/17,,$250 ,,$500 ,$420 ,$370 ,,,,$850 ,$830 ,,,,,,,
4/10/17,,$250 ,,$500 ,$420 ,$370 ,,,,$850 ,$840 ,,,,,,,
4/11/17,,$250 ,,$500 ,$420 ,$350 ,,,,$850 ,$840 ,,,,,,,
4/12/17,,$250 ,,$466 ,$420 ,$350 ,,,,$850 ,$840 ,,,,,,,
4/13/17,,$250 ,,$428 ,$420 ,$350 ,,,,$850 ,$840 ,,,,,,,
4/14/17,,$250 ,,$418 ,$420 ,$374 ,,,,$850 ,$979 ,,,,,,,
4/15/17,,$250 ,,$418 ,$420 ,$374 ,,,,$850 ,$887 ,,,,,,,
4/16/17,,$250 ,,$466 ,$420 ,$374 ,,,,$850 ,$826 ,,,,,,,
4/17/17,,$250 ,,$428 ,$420 ,$374 ,,,,$850 ,$786 ,,,,,,,
4/18/17,,$250 ,,$428 ,$420 ,$374 ,,,,$850 ,$800 ,,,,,,,
4/19/17,,$250 ,,$428 ,$410 ,$374 ,,,,$850 ,$786 ,,,,,,,
4/20/17,,$250 ,,$428 ,$410 ,$374 ,,,,$725 ,$771 ,"$1,450 ",,,,,,
4/21/17,,$248 ,,$428 ,$410 ,$374 ,,,,$700 ,$771 ,$860 ,,,,,,
4/22/17,,$250 ,,$428 ,$415 ,$374 ,,,,$700 ,$771 ,$860 ,,$230 ,,,,
4/23/17,,$248 ,,$420 ,$415 ,$374 ,,,,$700 ,$771 ,$860 ,,$230 ,,,,
4/24/17,,$248 ,,$420 ,$415 ,$374 ,,,,$700 ,$771 ,$919 ,,$230 ,,,,
4/25/17,,$248 ,,$410 ,$414 ,$374 ,,,,$700 ,$771 ,$919 ,,$230 ,,,,
4/26/17,,$248 ,,$410 ,$414 ,$374 ,,,,$700 ,$771 ,$760 ,,$230 ,,,,
4/27/17,,$248 ,,$410 ,$414 ,$374 ,,,,$700 ,$771 ,"$1,076 ",,$245 ,,,,
4/28/17,,$248 ,,$410 ,$414 ,$366 ,,,,$700 ,$771 ,$855 ,,$254 ,,,,
4/29/17,,$248 ,,$400 ,$414 ,$358 ,,,,$700 ,$771 ,$839 ,,$254 ,,,,
4/30/17,,$248 ,,$400 ,$414 ,$358 ,,,,$700 ,$771 ,$760 ,,$230 ,,,,
5/1/17,,$248 ,,$400 ,$420 ,$351 ,,,,$700 ,$771 ,$760 ,,$230 ,,,,
5/2/17,,$258 ,,$400 ,$420 ,$351 ,,,,$700 ,$771 ,$760 ,,$230 ,,,,
5/3/17,,$258 ,,$400 ,$420 ,$336 ,,,,$700 ,$771 ,$760 ,,$254 ,,,,
5/4/17,,$250 ,,$400 ,$420 ,$412 ,,,,$700 ,$771 ,$760 ,,$230 ,,,,
5/5/17,,$250 ,,$400 ,$420 ,$362 ,,,,$700 ,$771 ,$760 ,,$230 ,,,,
5/6/17,,$250 ,,$400 ,$420 ,$363 ,,,,$700 ,$771 ,$760 ,,$245 ,,,,
5/7/17,,$250 ,,$400 ,$420 ,$363 ,,,,$700 ,$771 ,$760 ,,$282 ,,,,
5/8/17,,$250 ,,$400 ,$420 ,$415 ,,,,$700 ,$771 ,$760 ,,$272 ,,,,
5/9/17,,$250 ,,$500 ,$420 ,$363 ,,,,$700 ,$771 ,$760 ,,$246 ,,,,
5/10/17,,$250 ,,$500 ,$420 ,$340 ,,,,$700 ,$771 ,$760 ,,$248 ,,,,
5/11/17,,$250 ,,$450 ,$420 ,$340 ,,,,$700 ,$771 ,$760 ,,$248 ,,,,
5/12/17,,$250 ,,$450 ,$420 ,$340 ,,,,$700 ,$771 ,$760 ,,$295 ,,,,
5/13/17,,$250 ,,$450 ,$420 ,$340 ,,,,$700 ,$771 ,$760 ,,$253 ,,,,
5/14/17,,$250 ,,$450 ,$399 ,$340 ,,,,$700 ,$720 ,$760 ,,$253 ,,,,
5/15/17,,$260 ,,$400 ,$399 ,$340 ,,,,$850 ,$720 ,$760 ,,$268 ,,,,
5/16/17,,$260 ,,$400 ,$399 ,$340 ,,,,$700 ,$720 ,$760 ,,$268 ,,,,
5/17/17,,$260 ,,$400 ,$399 ,$340 ,,,,$700 ,$720 ,$760 ,,$268 ,,,,
5/18/17,,$260 ,,$400 ,$420 ,$340 ,,,,$700 ,$720 ,$760 ,,$258 ,,,,
5/19/17,,$260 ,,$400 ,$420 ,$394 ,,,,$700 ,$720 ,$760 ,,$258 ,,,,
5/20/17,,$260 ,,$400 ,$420 ,$394 ,,,,$850 ,$720 ,$760 ,,$258 ,,,,
5/21/17,,$260 ,,$400 ,$420 ,$394 ,,,,$850 ,$720 ,$760 ,,$258 ,,,,
5/22/17,,$251 ,,$550 ,$420 ,$394 ,,,,$850 ,$720 ,$760 ,,$362 ,,,,
5/23/17,,$251 ,,$550 ,$420 ,$394 ,,,,$850 ,$720 ,$760 ,,$362 ,,,,
5/24/17,,$251 ,,$500 ,$420 ,$394 ,,,,$850 ,$720 ,$760 ,,$362 ,,,,
5/25/17,,$251 ,,$500 ,$420 ,$412 ,,,,$849 ,$720 ,$760 ,,$362 ,,,,
5/26/17,,$251 ,,$500 ,$420 ,$412 ,,,,$849 ,$720 ,$760 ,,$362 ,,,,
5/27/17,,$251 ,,$500 ,$420 ,$412 ,,,,$849 ,$720 ,$760 ,,$319 ,,,,
5/28/17,,$251 ,,$500 ,$420 ,$412 ,,,,$849 ,$720 ,$760 ,,$349 ,,,,
5/29/17,,$251 ,,$500 ,$420 ,$412 ,,,,$849 ,$720 ,$760 ,,$349 ,,,,
5/30/17,,$251 ,,$500 ,$420 ,$412 ,,,,$840 ,$720 ,$760 ,,$329 ,,,,
5/31/17,,$251 ,,$500 ,$420 ,$408 ,,,,$840 ,$720 ,$760 ,,$349 ,,,,
6/1/17,,$251 ,,$400 ,$420 ,$394 ,,,,$840 ,$720 ,$739 ,,$349 ,,,,
6/2/17,,$251 ,,$400 ,$425 ,$394 ,,,,$850 ,$720 ,$739 ,,$349 ,,,,
6/3/17,,$251 ,,$400 ,$425 ,$394 ,,,,$850 ,$720 ,$738 ,,$349 ,,,,
6/4/17,,$251 ,,$400 ,$425 ,$394 ,,,,$720 ,$720 ,$760 ,,$349 ,,,,
6/5/17,,$260 ,,$480 ,$425 ,$394 ,,,,$720 ,$720 ,$760 ,,$349 ,,,,
6/6/17,,$260 ,,$480 ,$500 ,$394 ,,,,$840 ,$720 ,$760 ,,$349 ,,,,
6/7/17,,$250 ,,$500 ,$500 ,$392 ,,,,$840 ,$720 ,$760 ,,$349 ,,,,
6/8/17,,$250 ,,$500 ,$500 ,$392 ,,,,$840 ,$720 ,$760 ,,$349 ,,,,
6/9/17,,$270 ,,$480 ,$500 ,$391 ,,,,$840 ,$720 ,$760 ,,$349 ,,,,
6/10/17,,$270 ,,$470 ,$500 ,$394 ,,,,$840 ,$720 ,$760 ,,$349 ,,,,
6/11/17,,$270 ,,$470 ,$696 ,$459 ,,,,$840 ,$720 ,$760 ,,$349 ,,,,
6/12/17,,$270 ,,$559 ,"$1,115 ",$471 ,,,,$840 ,$720 ,$760 ,,$349 ,,,,
6/13/17,,$288 ,,$550 ,$500 ,$460 ,,,,$887 ,$720 ,$760 ,,$349 ,,,,
6/14/17,,$291 ,,$559 ,$500 ,$460 ,,,,$861 ,$720 ,$760 ,,$349 ,,,,
6/15/17,,$288 ,,$559 ,$500 ,$430 ,,,,$861 ,$720 ,$760 ,,$349 ,,,,
6/16/17,,$316 ,,$550 ,$500 ,$465 ,,,,$830 ,$720 ,$760 ,,$349 ,,,,
6/17/17,,$291 ,,$500 ,$500 ,$540 ,,,,$830 ,$720 ,$760 ,,$349 ,,,,
6/18/17,,$294 ,,$500 ,$500 ,$430 ,,,,$830 ,$720 ,$760 ,,$349 ,,,,
6/19/17,,$399 ,,$550 ,$500 ,$600 ,,,,$830 ,$720 ,$760 ,,$349 ,,,,
6/20/17,,$319 ,,$550 ,$500 ,$630 ,,,,$830 ,$720 ,$750 ,,$349 ,,,,
6/21/17,,$350 ,,$600 ,$500 ,$700 ,,,,$896 ,$786 ,$787 ,,$349 ,,,,
6/22/17,,$416 ,,$585 ,$500 ,$700 ,,,,$896 ,$720 ,$807 ,,$560 ,,,,
6/23/17,,$445 ,,$500 ,$500 ,$382 ,,,,$896 ,$720 ,$807 ,,$560 ,,,,
6/24/17,,$270 ,,$570 ,$500 ,$619 ,,,,$896 ,$720 ,$807 ,,"$1,000 ",,,,
6/25/17,,$270 ,,$549 ,$500 ,$619 ,,,,$896 ,$720 ,$760 ,,"$1,000 ",,,,
6/26/17,,$270 ,,$500 ,$500 ,$700 ,,,,$896 ,$720 ,$760 ,,$700 ,,,,
6/27/17,,$550 ,,$599 ,$500 ,$700 ,,,,$896 ,$720 ,$980 ,,$520 ,,,,
6/28/17,,$545 ,,$510 ,$500 ,$675 ,,,,$860 ,$720 ,$760 ,,$510 ,,,,
6/29/17,,$308 ,,$560 ,$500 ,$680 ,,,,$860 ,$720 ,$760 ,,$498 ,,,,
6/30/17,,$545 ,,$570 ,$702 ,$675 ,,,,$860 ,$720 ,$848 ,,$495 ,,,,
7/1/17,,$545 ,,$568 ,$702 ,$675 ,,,,$860 ,$720 ,$760 ,,$494 ,,,,
7/2/17,,$545 ,,$668 ,$702 ,$700 ,,,,$860 ,$720 ,$850 ,,$494 ,,,,
7/3/17,,$545 ,,$668 ,$702 ,$700 ,,,,$850 ,$720 ,$850 ,,$700 ,,,,
7/4/17,,$450 ,,$578 ,$702 ,$700 ,,,,$850 ,$720 ,$850 ,,$700 ,,,,
7/5/17,,$415 ,,$750 ,"$1,115 ",$630 ,,,,$850 ,$720 ,$850 ,,$931 ,,,,
7/6/17,$369 ,$425 ,,$750 ,"$1,115 ",$800 ,,,,$850 ,$720 ,$850 ,,$931 ,,,,
7/7/17,$369 ,$400 ,,$709 ,"$1,115 ",$770 ,,,,$850 ,$720 ,$850 ,,$800 ,,,,
7/8/17,$270 ,$467 ,,$700 ,"$1,115 ",$770 ,,,,$850 ,$720 ,$850 ,,$694 ,,,,
7/9/17,$450 ,$467 ,,$700 ,"$1,115 ",$800 ,,,,$850 ,$720 ,$850 ,,$694 ,,,,
7/10/17,$334 ,$467 ,,$693 ,"$1,115 ",$900 ,,,,$850 ,$799 ,$780 ,,$475 ,,,,
7/11/17,$310 ,$467 ,,$679 ,"$1,115 ",$750 ,,,,$850 ,$720 ,$780 ,,$473 ,,,,
7/12/17,$369 ,$418 ,,$679 ,"$1,000 ",$800 ,,,,$850 ,$959 ,$780 ,,$451 ,,,,
7/13/17,$270 ,$435 ,,$669 ,"$1,000 ",$740 ,,,,$900 ,$720 ,$780 ,,$489 ,,,,
7/14/17,$362 ,$500 ,,$550 ,$600 ,$740 ,,,,$900 ,$790 ,$780 ,,$450 ,,,,
7/15/17,$365 ,$285 ,,$550 ,$650 ,$500 ,,,,$900 ,$720 ,$980 ,,$450 ,,,,
7/16/17,$365 ,$476 ,,$550 ,$638 ,$400 ,,,,$879 ,$740 ,$980 ,,$425 ,,,,
7/17/17,$375 ,$285 ,,$525 ,$600 ,$430 ,,,,$900 ,$740 ,$980 ,,$420 ,,,,
7/18/17,$375 ,$285 ,,$525 ,$750 ,$750 ,,,,$999 ,$938 ,$980 ,,$414 ,,,,
7/19/17,$399 ,$285 ,,$525 ,$750 ,$750 ,,,,"$1,299 ",$950 ,$980 ,,$462 ,,,,
7/20/17,$395 ,$285 ,,$543 ,$750 ,$600 ,,,,$900 ,$740 ,$980 ,,$490 ,,,,
7/21/17,$360 ,$285 ,,$543 ,$750 ,$500 ,,,,$850 ,$740 ,$980 ,,$490 ,,,,
7/22/17,$310 ,$360 ,,$543 ,$750 ,$500 ,,,,$850 ,$740 ,$980 ,,$480 ,,,,
7/23/17,$360 ,$285 ,,$650 ,$750 ,$700 ,,,,$949 ,$950 ,$980 ,,$480 ,,,,
7/24/17,$360 ,$285 ,,$650 ,$750 ,$500 ,,,,$949 ,$940 ,$980 ,,$480 ,,,,
7/25/17,$358 ,$285 ,,$599 ,$499 ,$440 ,,,,$836 ,$940 ,$770 ,,$480 ,,,,
7/26/17,$358 ,$285 ,,$650 ,$499 ,$500 ,,,,"$1,100 ",$720 ,$770 ,,$470 ,,,,
7/27/17,$305 ,$285 ,,$590 ,$700 ,$500 ,,,,"$1,100 ",$950 ,$779 ,,$420 ,,,,
7/28/17,$305 ,$326 ,,$570 ,$499 ,$593 ,,,,"$1,100 ",$950 ,$780 ,,$420 ,,,,
7/29/17,$290 ,$346 ,,$560 ,$499 ,$545 ,,,,"$1,100 ",$900 ,$779 ,,$420 ,,,,
7/30/17,$305 ,$346 ,,$559 ,$680 ,$500 ,,,,"$1,100 ",$900 ,$779 ,,$420 ,,,,
7/31/17,$305 ,$315 ,,$549 ,$680 ,$512 ,,,,"$1,100 ",$720 ,$779 ,,$419 ,,,,
8/1/17,$270 ,$346 ,,$544 ,$680 ,$500 ,,,,"$1,100 ",$740 ,$779 ,,$417 ,,,,
8/2/17,$310 ,$346 ,,$544 ,$680 ,$500 ,,,,"$1,100 ",$740 ,$779 ,,$417 ,,,,
8/3/17,$325 ,$315 ,,$544 ,$680 ,$480 ,,,,"$1,079 ",$740 ,$780 ,,$409 ,,,,
8/4/17,$290 ,$346 ,,$537 ,$680 ,$490 ,,,,"$1,029 ",$740 ,$780 ,,$409 ,,,,
8/5/17,$290 ,$342 ,,$547 ,$680 ,$500 ,,,,$979 ,$740 ,$780 ,,$409 ,,,,
8/6/17,$322 ,$342 ,,$547 ,$680 ,$440 ,,,,$979 ,$740 ,$780 ,,$409 ,,,,
8/7/17,$302 ,$342 ,,$547 ,$680 ,$480 ,,,,$979 ,$740 ,$780 ,,$409 ,,,,
8/8/17,$270 ,$319 ,,$547 ,$680 ,$500 ,,,,$979 ,$740 ,$780 ,,$409 ,,,,
8/9/17,$296 ,$339 ,,$517 ,$680 ,$440 ,,,,$979 ,$740 ,$780 ,,$409 ,,,,
8/10/17,$295 ,$339 ,,$517 ,$680 ,$462 ,,,,$811 ,$740 ,$780 ,,$409 ,,,,
8/11/17,$290 ,$339 ,,$547 ,$680 ,$504 ,,,,"$1,100 ",$740 ,$780 ,,$420 ,,,,
8/12/17,$290 ,$310 ,,$547 ,$680 ,$480 ,,,,"$1,299 ",$740 ,$760 ,,$420 ,,,,
8/13/17,$290 ,$310 ,,$557 ,$650 ,$440 ,,,,"$1,299 ",$740 ,$760 ,,$420 ,,,,
8/14/17,$290 ,$297 ,,$557 ,$650 ,$504 ,,,,"$1,149 ",$740 ,$760 ,,$430 ,,,,
8/15/17,$300 ,$297 ,,$547 ,$650 ,$499 ,,,,"$1,149 ",$740 ,$760 ,,$430 ,,,,
8/16/17,$290 ,$297 ,,$539 ,$650 ,$499 ,,,,"$1,129 ",$740 ,$760 ,,$519 ,,,,
8/17/17,$308 ,$310 ,,$539 ,$650 ,$469 ,,,,"$1,299 ",$740 ,$760 ,,$519 ,,,,
8/18/17,$312 ,$310 ,,$509 ,$640 ,$460 ,,,,"$1,149 ",$740 ,$760 ,,$519 ,,,,
8/19/17,$308 ,$310 ,,$547 ,$640 ,$460 ,,,,"$1,999 ",$740 ,$760 ,,$519 ,,,,
8/20/17,$308 ,$310 ,,$547 ,$640 ,$460 ,,,,"$1,399 ",$740 ,$760 ,,$519 ,,,,
8/21/17,$307 ,$320 ,,$547 ,$640 ,$460 ,,,,"$1,799 ",$740 ,$760 ,,$499 ,,,,
8/22/17,$290 ,$319 ,,$530 ,$640 ,$509 ,,,,"$1,499 ",$740 ,$760 ,,$499 ,,,,
8/23/17,$307 ,$320 ,,$547 ,$640 ,$460 ,,,,"$1,199 ",$740 ,$760 ,,$499 ,,,,
8/24/17,$305 ,$319 ,,$557 ,$639 ,$480 ,,,,"$1,299 ",$740 ,$760 ,,$510 ,,,,
8/25/17,$305 ,$320 ,,$599 ,$639 ,$509 ,,,,"$1,249 ",$740 ,$760 ,,$510 ,,,,
8/26/17,$307 ,$320 ,,$590 ,$639 ,$499 ,,,,"$1,199 ",$740 ,$760 ,,$510 ,,,,
8/27/17,$305 ,$320 ,,$550 ,$639 ,$509 ,,,,"$1,199 ",$740 ,$760 ,,$510 ,,,,
8/28/17,$307 ,$319 ,,$530 ,$639 ,$513 ,,,,"$1,999 ",$740 ,$760 ,,$510 ,,,,
8/29/17,$318 ,$320 ,,$550 ,$639 ,$513 ,,,,"$1,299 ",$740 ,$760 ,,$510 ,,,,
8/30/17,$316 ,$319 ,,$570 ,$639 ,$450 ,,,,"$1,249 ",$740 ,$760 ,,$504 ,,,,
8/31/17,$316 ,$319 ,,$550 ,$639 ,$450 ,,,,"$1,099 ",$740 ,$790 ,,$504 ,,,,
9/1/17,$316 ,$307 ,,$537 ,$639 ,$450 ,,,,"$1,099 ",$766 ,$760 ,,$498 ,,,,
9/2/17,$292 ,$301 ,,$537 ,$639 ,$499 ,,,,"$1,049 ",$766 ,$790 ,,$545 ,,,,
9/3/17,$290 ,$310 ,,$537 ,$639 ,$450 ,,,,"$1,049 ",$766 ,$787 ,,$545 ,,,,
9/4/17,$290 ,$319 ,,$537 ,$639 ,$501 ,,,,"$1,049 ",$766 ,$760 ,,$545 ,,,,
9/5/17,$299 ,$309 ,,$537 ,$459 ,$450 ,,,,"$1,049 ",$766 ,$760 ,,$545 ,,,,
9/6/17,$290 ,$294 ,,$549 ,$459 ,$450 ,,,,"$1,049 ",$766 ,$759 ,,$544 ,,,,
9/7/17,$290 ,$312 ,,$559 ,$460 ,$509 ,,,,"$1,049 ",$770 ,$759 ,,$540 ,,,,
9/8/17,$290 ,$300 ,,$530 ,$630 ,$472 ,,,,"$1,999 ",$797 ,$759 ,,$535 ,,,,
9/9/17,$290 ,$300 ,,$542 ,$620 ,$420 ,,,,"$1,999 ",$852 ,$787 ,,$535 ,,,,
9/10/17,$280 ,$300 ,,$540 ,$620 ,$476 ,,,,"$1,999 ",$852 ,$760 ,,$529 ,,,,
9/11/17,$290 ,$300 ,,$535 ,$460 ,$480 ,,,,"$1,999 ",$797 ,$800 ,,$450 ,,,,
9/12/17,$290 ,$300 ,,$519 ,$460 ,$480 ,,,,"$1,999 ",$949 ,$800 ,,$450 ,,,,
9/13/17,$280 ,$300 ,,$519 ,$460 ,$450 ,,,,"$1,999 ",$945 ,$750 ,,$420 ,,,,
9/14/17,$280 ,$299 ,,$519 ,$619 ,$480 ,,,,"$1,300 ",$770 ,$750 ,,$420 ,,,,
9/15/17,$291 ,$298 ,,$519 ,$460 ,$449 ,,,,"$1,300 ",$846 ,$750 ,,$410 ,,,,
9/16/17,$291 ,$298 ,,$517 ,$619 ,$449 ,,,,"$1,300 ",$868 ,$750 ,,$390 ,,,,
9/17/17,$280 ,$298 ,,$517 ,$619 ,$449 ,,,,"$1,300 ",$868 ,$749 ,,$385 ,,,,
9/18/17,$280 ,$300 ,,$517 ,$610 ,$449 ,,,,"$1,300 ",$770 ,$750 ,,$380 ,,,,
9/19/17,$291 ,$300 ,,$515 ,$610 ,$449 ,,,,"$1,300 ",$770 ,$749 ,,$375 ,,,,
9/20/17,$280 ,$300 ,,$515 ,$609 ,$449 ,,,,"$1,300 ",$770 ,$800 ,,$360 ,,,,
9/21/17,$280 ,$298 ,,$515 ,$609 ,$449 ,,,,"$1,300 ",$770 ,$749 ,,$400 ,,,,
9/22/17,$291 ,$310 ,,$515 ,$460 ,$471 ,,,,"$1,100 ",$868 ,$794 ,,$400 ,,,,
9/23/17,$280 ,$310 ,,$511 ,$460 ,$472 ,,,,"$1,100 ",$868 ,$749 ,,$400 ,,,,
9/24/17,$291 ,$300 ,,$500 ,$460 ,$435 ,,,,"$1,080 ",$770 ,$794 ,,$400 ,,,,
9/25/17,$291 ,$300 ,,$485 ,$460 ,$435 ,,,,$940 ,$770 ,$757 ,,$400 ,,,,
9/26/17,$291 ,$295 ,,$485 ,$460 ,$435 ,,,,$930 ,$868 ,$757 ,,$400 ,,,,
9/27/17,$270 ,$280 ,,$485 ,$440 ,$435 ,,,,"$1,000 ",$868 ,$757 ,,$400 ,,,,
9/28/17,$270 ,$280 ,,$485 ,$440 ,$465 ,,,,"$1,080 ","$1,000 ",$757 ,,$400 ,,,,
9/29/17,$270 ,$280 ,,$485 ,$545 ,$465 ,,,,$989 ,$868 ,$809 ,,$399 ,,,,
9/30/17,$270 ,$280 ,,$485 ,$598 ,$472 ,,,,$989 ,$894 ,$757 ,,$393 ,,,,
10/1/17,$270 ,$280 ,,$485 ,$596 ,$481 ,,,,$989 ,$770 ,$980 ,,$390 ,,,,
10/2/17,$290 ,$280 ,,$485 ,$585 ,$490 ,,,,"$1,000 ",$770 ,$980 ,,$280 ,,,,
10/3/17,$287 ,$280 ,,$475 ,$594 ,$480 ,,,,"$1,080 ",$770 ,"$1,090 ",,$381 ,,,,
10/4/17,$270 ,$280 ,,$475 ,$460 ,$470 ,,,,"$1,080 ",$770 ,$757 ,,$380 ,,,,
10/5/17,$270 ,$280 ,,$475 ,$460 ,$470 ,,,,"$1,080 ",$770 ,$828 ,,$310 ,,,,
10/6/17,$270 ,$303 ,,$475 ,$460 ,$463 ,,,,"$1,080 ",$770 ,$826 ,,$310 ,,,,
10/7/17,$270 ,$310 ,,$475 ,$450 ,$463 ,,,,"$1,080 ",$770 ,$757 ,,$335 ,,,,
10/8/17,$270 ,$280 ,,$475 ,$450 ,$463 ,,,,"$1,080 ",$770 ,$824 ,,$335 ,,,,
10/9/17,$270 ,$310 ,,$475 ,$450 ,$463 ,,,,"$1,080 ",$770 ,$824 ,,$330 ,,,,
10/10/17,$265 ,$312 ,,$475 ,$440 ,$460 ,,,,"$1,080 ",$770 ,$823 ,,$321 ,,,,
10/11/17,$265 ,$312 ,,$475 ,$440 ,$460 ,,,,"$1,080 ",$770 ,$823 ,,$321 ,,,,
10/12/17,$265 ,$312 ,,$475 ,$440 ,$425 ,,,,"$1,080 ",$770 ,$759 ,,$330 ,,,,
10/13/17,$265 ,$300 ,,$475 ,$440 ,$425 ,,,,$999 ,$842 ,$759 ,,$330 ,,,,
10/14/17,$260 ,$300 ,,$475 ,$580 ,$425 ,,,,$999 ,$830 ,$759 ,,$330 ,,,,
10/15/17,$260 ,$300 ,,$475 ,$580 ,$425 ,,,,"$1,060 ",$830 ,$823 ,,$330 ,,,,
10/16/17,$260 ,$312 ,,$474 ,$580 ,$425 ,,,,"$1,060 ",$859 ,$823 ,,$330 ,,,,
10/17/17,$260 ,$312 ,,$550 ,$440 ,$420 ,,,,"$1,060 ",$840 ,$823 ,,$337 ,,,,
10/18/17,$260 ,$312 ,,$520 ,$580 ,$420 ,,,,"$1,060 ",$849 ,$825 ,,$337 ,,,,
10/19/17,$260 ,$312 ,,$499 ,$579 ,$425 ,,,,"$1,060 ",$849 ,$825 ,,$337 ,,,,
10/20/17,$260 ,$313 ,,$469 ,$579 ,$425 ,,,,$999 ,$849 ,$826 ,,$337 ,,,,
10/21/17,$260 ,$313 ,,$451 ,$579 ,$400 ,,,,$900 ,$849 ,"$1,050 ",,$326 ,,,,
10/22/17,$286 ,$300 ,,$451 ,$579 ,$400 ,,,,$900 ,$849 ,$832 ,,$326 ,,,,
10/23/17,$260 ,$300 ,,$449 ,$579 ,$400 ,,,,$849 ,$770 ,$840 ,,$326 ,,,,
10/24/17,$286 ,$300 ,,$449 ,$579 ,$389 ,,,,$849 ,$770 ,$840 ,,$319 ,,,,
10/25/17,$270 ,$300 ,,$449 ,$579 ,$449 ,,,,"$1,060 ",$865 ,"$1,050 ",,$319 ,,,,
10/26/17,$259 ,$300 ,,$449 ,$579 ,$449 ,,,,"$1,060 ",$863 ,$882 ,,$310 ,,,,
10/27/17,$269 ,$300 ,,$439 ,$430 ,$449 ,,$470 ,,$905 ,$863 ,"$1,050 ",,$300 ,,,,
10/28/17,$282 ,$300 ,,$471 ,$430 ,$410 ,,$470 ,,$906 ,$863 ,$909 ,,$300 ,,,,
10/29/17,$270 ,$300 ,,$439 ,$430 ,$418 ,,$470 ,,$907 ,$863 ,$889 ,,$300 ,,,,
10/30/17,$282 ,$300 ,,$439 ,$518 ,$471 ,,$470 ,,$907 ,$863 ,"$1,100 ",,$294 ,,,,
10/31/17,$270 ,$300 ,,$470 ,$430 ,$471 ,,$470 ,,$900 ,$765 ,"$1,200 ",,$294 ,,,,
11/1/17,$265 ,$300 ,,$470 ,$518 ,$470 ,,$470 ,,$900 ,$770 ,"$1,100 ",,$294 ,,,,
11/2/17,$270 ,$300 ,,$470 ,$518 ,$418 ,$500 ,$470 ,,"$1,100 ",$770 ,$760 ,,$294 ,,,,
11/3/17,$285 ,$300 ,,$450 ,$440 ,$440 ,$500 ,$470 ,,"$1,100 ",$770 ,"$1,040 ",,$294 ,,,,
11/4/17,$260 ,$300 ,,$450 ,$440 ,$440 ,$500 ,$470 ,,"$1,200 ",$770 ,$760 ,,$300 ,,,,
11/5/17,$270 ,$300 ,,$420 ,$440 ,$440 ,$500 ,$470 ,,$993 ,$770 ,$760 ,,$330 ,,,,
11/6/17,$270 ,$300 ,,$470 ,$518 ,$440 ,$500 ,$470 ,,$993 ,$770 ,$760 ,,$334 ,,,,
11/7/17,$260 ,$300 ,,$470 ,$440 ,$430 ,$500 ,$470 ,,$993 ,$770 ,$760 ,,$300 ,,,,
11/8/17,$268 ,$300 ,,$469 ,$440 ,$425 ,$500 ,$470 ,,$993 ,$819 ,$770 ,,$300 ,,,,
11/9/17,$260 ,$300 ,,$470 ,$518 ,$425 ,$510 ,$470 ,,$900 ,$770 ,$770 ,,$300 ,,,,
11/10/17,$260 ,$300 ,,$469 ,$579 ,$426 ,$500 ,$470 ,,$900 ,$770 ,$760 ,,$300 ,,,,
11/11/17,$260 ,$300 ,,$465 ,$579 ,$426 ,$500 ,$470 ,,$900 ,$770 ,$770 ,,$300 ,,,,
11/12/17,$260 ,$300 ,,$465 ,$579 ,$426 ,$500 ,$470 ,,$900 ,$770 ,$770 ,,$300 ,,,,
11/13/17,$260 ,$300 ,,$465 ,$579 ,$426 ,$500 ,$470 ,,$900 ,$770 ,$770 ,,$300 ,,,,
11/14/17,$260 ,$300 ,,$450 ,$579 ,$426 ,$500 ,$470 ,,$900 ,$770 ,$770 ,,$300 ,,,,
11/15/17,$260 ,$300 ,,$460 ,$579 ,$426 ,$500 ,$470 ,,$900 ,$770 ,$770 ,,$300 ,,,,
11/16/17,$270 ,$300 ,,$460 ,$579 ,$426 ,$500 ,$470 ,,"$1,100 ",$770 ,$770 ,,$295 ,,,,
11/17/17,$270 ,$300 ,,$460 ,$579 ,$426 ,$500 ,$470 ,,"$1,100 ",$770 ,$760 ,,$280 ,,,,
11/18/17,$270 ,$300 ,,$460 ,$579 ,$426 ,$500 ,$470 ,,"$1,100 ",$770 ,$760 ,,$280 ,,,,
11/19/17,$270 ,$300 ,,$460 ,$579 ,$426 ,$500 ,$470 ,,"$1,100 ",$770 ,$760 ,,$280 ,,,,
11/20/17,$270 ,$300 ,,$460 ,$579 ,$426 ,$500 ,$470 ,,"$1,100 ",$770 ,$760 ,,$280 ,,,,
11/21/17,$267 ,$270 ,,$460 ,$579 ,$426 ,$500 ,$470 ,,"$1,100 ",$770 ,$760 ,,$334 ,,,,
11/22/17,$269 ,$270 ,,$460 ,$513 ,$426 ,$500 ,$463 ,,$987 ,$770 ,$798 ,,$334 ,,,,
11/23/17,$269 ,$270 ,,$460 ,$579 ,$420 ,$500 ,$463 ,,$987 ,$770 ,$849 ,,$280 ,,,,
11/24/17,$269 ,$300 ,,$500 ,$579 ,$449 ,$500 ,$463 ,,$987 ,$849 ,$852 ,,$280 ,,,,
11/25/17,$269 ,$312 ,,$500 ,$579 ,$467 ,$500 ,$463 ,,$987 ,$849 ,$879 ,,$328 ,,,,
11/26/17,$269 ,$314 ,,$500 ,$579 ,$467 ,$500 ,$465 ,,$987 ,$860 ,$879 ,,$328 ,,,,
11/27/17,$287 ,$314 ,,$520 ,$579 ,$430 ,$500 ,$465 ,,$983 ,$865 ,$879 ,,$305 ,,,,
11/28/17,$289 ,$291 ,,$523 ,$579 ,$467 ,$500 ,$465 ,,$983 ,$860 ,$878 ,,$325 ,,,,
11/29/17,$289 ,$331 ,,$523 ,$579 ,$479 ,$450 ,$423 ,,$893 ,$865 ,$930 ,,$325 ,,,,
11/30/17,$289 ,$346 ,,$523 ,$579 ,$467 ,$450 ,$423 ,,$980 ,$866 ,$930 ,,$325 ,,,,
12/1/17,$289 ,$346 ,,$523 ,$579 ,$442 ,$450 ,$470 ,,$950 ,$891 ,$840 ,,$280 ,,,,
12/2/17,$289 ,$312 ,,$523 ,$579 ,$442 ,$450 ,$470 ,,$920 ,$891 ,$899 ,,$280 ,,,,
12/3/17,$289 ,$312 ,,$523 ,$566 ,$489 ,$450 ,$470 ,,$900 ,$891 ,$899 ,,$280 ,,,,
12/4/17,$289 ,$340 ,,$440 ,$566 ,$501 ,$450 ,$470 ,,$987 ,$891 ,$725 ,,$342 ,,,,
12/5/17,$289 ,$346 ,,$440 ,$566 ,$504 ,$450 ,$470 ,,$987 ,$891 ,$879 ,,$280 ,,,,
12/6/17,$289 ,$314 ,,$577 ,$566 ,$435 ,$470 ,$470 ,,$908 ,$891 ,$760 ,,$280 ,,,,
12/7/17,$275 ,$339 ,,$577 ,$579 ,$512 ,$470 ,$470 ,$470 ,$908 ,$891 ,$861 ,,$280 ,,,,
12/8/17,$275 ,$339 ,,$569 ,$579 ,$440 ,$470 ,$470 ,$470 ,$908 ,$891 ,$876 ,,$348 ,,,,
12/9/17,$270 ,$329 ,,$577 ,$580 ,$518 ,$470 ,$470 ,$470 ,$908 ,$891 ,$871 ,,$280 ,,,,
12/10/17,$270 ,$327 ,,$538 ,$580 ,$410 ,$470 ,$470 ,$470 ,"$1,100 ",$891 ,$873 ,,$280 ,,,,
12/11/17,$270 ,$327 ,,$400 ,$580 ,$510 ,$470 ,$470 ,$470 ,"$1,030 ",$891 ,$839 ,,$280 ,,,,
12/12/17,$292 ,$326 ,,$400 ,$580 ,$440 ,$500 ,$470 ,$547 ,"$1,030 ",$891 ,$839 ,,$280 ,,,,
12/13/17,$308 ,$325 ,,$523 ,$580 ,$440 ,$549 ,$470 ,$470 ,"$1,030 ",$891 ,$758 ,,$329 ,,,,
12/14/17,$270 ,$334 ,,$570 ,$580 ,$410 ,$549 ,$470 ,$470 ,$999 ,$891 ,$839 ,,$329 ,,,,
12/15/17,$270 ,$334 ,,$570 ,$599 ,$534 ,$549 ,$470 ,$612 ,$999 ,$888 ,$839 ,,$328 ,,,,
12/16/17,$270 ,$334 ,,$537 ,$599 ,$470 ,$549 ,$470 ,$630 ,$999 ,$800 ,$839 ,,$375 ,,,,
12/17/17,$275 ,$334 ,,$537 ,$599 ,$410 ,$549 ,$470 ,$630 ,$999 ,$858 ,$839 ,,$375 ,,,,
12/18/17,$275 ,$334 ,,$537 ,$599 ,$534 ,$490 ,$470 ,$630 ,$950 ,$858 ,$839 ,,$450 ,,,,
12/19/17,$275 ,$300 ,,$570 ,$599 ,$539 ,$490 ,$470 ,$542 ,$950 ,$827 ,$839 ,,$359 ,,,,
12/20/17,$300 ,$339 ,,$609 ,$599 ,$530 ,$500 ,$470 ,$542 ,$950 ,$840 ,$873 ,,$450 ,,,,
12/21/17,$270 ,$325 ,,$620 ,$599 ,$539 ,$500 ,$470 ,$612 ,$950 ,$858 ,$859 ,,$360 ,,,,
12/22/17,$303 ,$318 ,,$620 ,$599 ,$440 ,$550 ,$470 ,$612 ,$950 ,$894 ,$858 ,,$360 ,,,,
12/23/17,$308 ,$318 ,,$550 ,$599 ,$580 ,$550 ,$470 ,$470 ,$950 ,$880 ,$858 ,,$360 ,,,,
12/24/17,$318 ,$312 ,,$550 ,$599 ,$580 ,$550 ,$470 ,$542 ,$950 ,$880 ,$858 ,,$360 ,,,,
12/25/17,$289 ,$322 ,,$550 ,$599 ,$580 ,$545 ,$500 ,$470 ,$950 ,$890 ,$850 ,,$400 ,,,,
12/26/17,$337 ,$339 ,,$550 ,$599 ,$464 ,$500 ,$500 ,$470 ,"$1,007 ",$890 ,$850 ,,$460 ,,,,
12/27/17,$393 ,$344 ,,$540 ,$599 ,$600 ,$580 ,$470 ,$612 ,"$1,008 ",$827 ,$850 ,,$379 ,,,,
12/28/17,$310 ,$333 ,,$540 ,$599 ,$600 ,$520 ,$470 ,"$1,090 ","$1,010 ",$770 ,$875 ,,$280 ,,,,
12/29/17,$439 ,$300 ,,$579 ,$599 ,$440 ,$520 ,$470 ,"$1,090 ","$1,010 ","$1,173 ",$875 ,,$460 ,,,,
12/30/17,$329 ,$310 ,,$579 ,$599 ,$630 ,$580 ,$500 ,$470 ,"$1,010 ","$1,170 ",$800 ,,$460 ,,,,
12/31/17,$314 ,$310 ,,$579 ,$599 ,$460 ,$520 ,$500 ,$470 ,"$1,010 ","$1,170 ",$800 ,,$280 ,,,,
1/1/18,$350 ,$310 ,,$579 ,$599 ,$620 ,$680 ,$670 ,$470 ,"$1,010 ",$770 ,$790 ,,$500 ,,,,
1/2/18,$314 ,$344 ,,$540 ,$599 ,$460 ,$570 ,$670 ,$470 ,"$1,010 ",$770 ,$790 ,,$500 ,,,,
1/3/18,$300 ,$310 ,,$689 ,$599 ,$460 ,$698 ,$700 ,$470 ,$955 ,$770 ,$899 ,,$500 ,,,,
1/4/18,$300 ,$344 ,,$650 ,$599 ,$460 ,$520 ,$690 ,$470 ,$955 ,"$1,170 ",$928 ,,$580 ,,,,
1/5/18,$313 ,$400 ,,$689 ,$599 ,$800 ,$720 ,$900 ,$470 ,"$1,021 ","$1,170 ",$939 ,,$700 ,,,,
1/6/18,$390 ,$510 ,,$680 ,$599 ,$700 ,$725 ,$750 ,$470 ,"$1,021 ",$984 ,"$1,098 ",,$700 ,,,,
1/7/18,$400 ,$508 ,,$693 ,$599 ,$800 ,$780 ,$830 ,$470 ,"$1,021 ","$1,165 ","$1,400 ",,$700 ,,,,
1/8/18,$400 ,$310 ,,$693 ,$599 ,$980 ,$771 ,$830 ,$470 ,"$1,300 ",$800 ,$726 ,,$700 ,,,,
1/9/18,$430 ,$449 ,,$693 ,$880 ,"$1,050 ",$960 ,"$1,100 ","$1,290 ","$1,200 ","$1,350 ",$978 ,,$690 ,,,,
1/10/18,$414 ,$480 ,,$793 ,$880 ,$900 ,"$1,000 ",$939 ,$800 ,"$1,200 ",$800 ,"$1,269 ",,$680 ,,,,
1/11/18,$434 ,$490 ,,$650 ,$880 ,$850 ,"$1,100 ",$999 ,$800 ,"$1,500 ","$1,500 ","$1,250 ",,$670 ,,,,
1/12/18,$430 ,$529 ,,$950 ,$550 ,$975 ,"$1,100 ",$939 ,$780 ,"$1,500 ","$1,339 ",$920 ,,$590 ,,,,
1/13/18,$490 ,$310 ,,$850 ,$880 ,$971 ,$471 ,$999 ,$780 ,"$1,399 ",$800 ,"$1,099 ",,$550 ,,,,
1/14/18,$490 ,$580 ,,$980 ,$551 ,$950 ,$471 ,$999 ,"$1,290 ","$1,599 ",$800 ,"$1,349 ",,$550 ,,,,
1/15/18,$548 ,$650 ,,$969 ,$850 ,"$1,049 ","$1,200 ",$999 ,"$1,000 ","$1,600 ","$1,439 ","$1,099 ",,$599 ,,,,
1/16/18,$569 ,$650 ,,$900 ,$990 ,"$1,050 ","$1,200 ",$999 ,"$1,000 ","$1,699 ","$1,099 ","$1,099 ",,$591 ,,,,
1/17/18,$588 ,$599 ,,$853 ,$850 ,$995 ,"$1,050 ",$989 ,$800 ,"$1,650 ","$1,250 ","$1,199 ",,$650 ,,,,
1/18/18,$580 ,$580 ,,$979 ,$850 ,$950 ,"$1,000 ",$950 ,$851 ,"$1,799 ","$1,249 ","$1,299 ",,$580 ,,,,
1/19/18,$393 ,$582 ,,$969 ,$850 ,$970 ,$900 ,$950 ,$850 ,"$1,699 ","$1,200 ","$1,298 ",,$580 ,,"$1,800 ",,
1/20/18,$499 ,$649 ,,$800 ,$945 ,$970 ,$830 ,$989 ,$850 ,"$1,699 ","$1,200 ","$1,273 ",,$579 ,,"$1,800 ",,
1/21/18,$600 ,$649 ,,$750 ,$945 ,$980 ,$830 ,$989 ,$490 ,"$1,699 ","$1,200 ","$1,275 ",,$589 ,,"$1,800 ",,
1/22/18,$650 ,$649 ,,$879 ,$569 ,$930 ,$899 ,"$1,040 ",$490 ,"$1,499 ","$1,200 ","$1,295 ",,$589 ,,"$1,800 ",,
1/23/18,$650 ,$420 ,,$890 ,$899 ,$970 ,$899 ,"$1,040 ",$840 ,"$1,499 ","$1,150 ","$1,269 ",,$589 ,,"$1,800 ",,
1/24/18,$569 ,$600 ,,$825 ,"$1,000 ",$950 ,$880 ,"$1,100 ",$840 ,"$1,299 ","$1,120 ","$1,495 ",,$589 ,,"$1,800 ",,
1/25/18,$580 ,$580 ,,$719 ,$591 ,"$1,000 ","$1,025 ",$845 ,"$1,020 ","$1,224 ","$1,200 ","$1,349 ",,$589 ,,"$1,999 ",,
1/26/18,$559 ,$574 ,,$800 ,$591 ,$989 ,"$1,025 ",$845 ,"$1,020 ","$1,700 ","$1,200 ","$1,269 ",,$579 ,,"$1,999 ",,
1/27/18,$310 ,$580 ,,$740 ,"$1,000 ",$890 ,"$1,025 ","$1,199 ","$1,020 ","$1,650 ","$1,299 ","$1,299 ",,$580 ,,"$1,999 ",,
1/28/18,$579 ,$579 ,,$750 ,"$1,000 ",$950 ,"$1,025 ","$1,199 ","$1,000 ","$1,450 ","$1,299 ","$1,450 ",,$580 ,,"$1,999 ",,
1/29/18,$500 ,$599 ,,$787 ,$890 ,$800 ,"$1,300 ","$1,100 ",$999 ,"$1,400 ","$1,299 ","$1,450 ",,$589 ,,"$1,999 ",,
1/30/18,$530 ,$579 ,,$800 ,"$1,000 ",$948 ,"$1,299 ","$1,099 ",$949 ,"$1,300 ","$1,299 ","$1,538 ",,$589 ,,"$1,999 ",,
1/31/18,$489 ,$579 ,,$800 ,$940 ,$842 ,"$1,099 ",$845 ,"$1,000 ","$1,225 ","$1,250 ","$1,400 ",,$650 ,,"$1,799 ",,
2/1/18,$530 ,$540 ,,$773 ,$842 ,$950 ,$900 ,$795 ,"$1,000 ","$1,226 ","$1,050 ","$1,538 ",,$650 ,,"$1,799 ",,
2/2/18,$480 ,$569 ,,$750 ,$830 ,$920 ,$999 ,$845 ,$900 ,"$1,350 ","$1,280 ","$1,250 ",,$542 ,,"$1,799 ",,
2/3/18,$469 ,$519 ,,$799 ,$830 ,$845 ,$900 ,$795 ,$889 ,"$1,149 ","$1,249 ","$1,250 ",,$623 ,,"$1,699 ",,
2/4/18,$469 ,$524 ,,$775 ,$830 ,$846 ,"$1,099 ",$844 ,$889 ,"$1,149 ","$1,249 ",$973 ,,$589 ,,"$1,699 ",,
2/5/18,$425 ,$520 ,,$798 ,$830 ,$846 ,$602 ,$818 ,$889 ,"$1,199 ","$1,189 ","$1,250 ",,$583 ,,"$1,639 ",,
2/6/18,$360 ,$509 ,,$888 ,$790 ,$799 ,$999 ,$725 ,$889 ,"$1,200 ","$1,199 ","$1,149 ",,$589 ,,"$1,600 ",,
2/7/18,$350 ,$505 ,,$849 ,$790 ,$460 ,$999 ,$929 ,$888 ,"$1,200 ","$1,199 ","$1,250 ",,$583 ,,"$1,399 ",,
2/8/18,$424 ,$380 ,,$820 ,$790 ,$460 ,$999 ,$920 ,$888 ,"$1,200 ","$1,100 ","$1,300 ",,$573 ,,"$1,390 ",,
2/9/18,$414 ,$468 ,,$856 ,$592 ,$747 ,$999 ,$925 ,$888 ,"$1,100 ","$1,190 ","$1,348 ",,$545 ,,"$1,350 ",,
2/10/18,$409 ,$462 ,,$856 ,$592 ,$730 ,$999 ,$860 ,$888 ,"$1,150 ","$1,180 ","$1,269 ",,$545 ,,"$1,270 ",,
2/11/18,$425 ,$448 ,,$795 ,$592 ,$799 ,$800 ,$840 ,$888 ,"$1,143 ","$1,190 ","$1,269 ",,$545 ,,"$1,200 ",,
2/12/18,$420 ,$380 ,,$750 ,$790 ,$749 ,$800 ,$860 ,$887 ,"$1,130 ","$1,079 ","$1,260 ",,$545 ,,$856 ,,
2/13/18,$450 ,$380 ,,$730 ,$599 ,$814 ,$849 ,$829 ,$887 ,"$1,130 ","$1,197 ",$974 ,,$536 ,,"$1,200 ",,
2/14/18,$430 ,$467 ,,$700 ,$750 ,$800 ,"$1,000 ",$846 ,$887 ,"$1,065 ","$1,196 ","$1,340 ",,$538 ,,"$1,240 ",,
2/15/18,$350 ,$467 ,,$660 ,$596 ,$729 ,$849 ,$850 ,$887 ,"$1,100 ","$1,196 ","$1,449 ",,$526 ,,"$1,220 ",,
2/16/18,$438 ,$380 ,,$675 ,$749 ,$784 ,$800 ,$840 ,$887 ,"$1,085 ","$1,197 ","$1,260 ",,$526 ,,"$1,210 ",,
2/17/18,$438 ,$489 ,,$690 ,$749 ,$808 ,$800 ,$840 ,$887 ,"$1,085 ","$1,184 ","$1,260 ",,$526 ,,"$1,200 ",,
2/18/18,$438 ,$380 ,,$670 ,$749 ,$808 ,$800 ,$848 ,$887 ,"$1,085 ","$1,184 ",$972 ,,$529 ,,"$1,200 ",,
2/19/18,$435 ,$450 ,,$749 ,$742 ,$800 ,$800 ,$860 ,$887 ,"$1,150 ","$1,197 ","$1,250 ",,$280 ,,"$1,200 ",,
2/20/18,$430 ,$448 ,,$715 ,$742 ,$800 ,$800 ,$925 ,$887 ,"$1,150 ","$1,196 ","$1,259 ",,$570 ,,"$1,200 ",,
2/21/18,$424 ,$448 ,,$690 ,$878 ,$800 ,$840 ,$870 ,$887 ,"$1,148 ","$1,195 ","$1,250 ",,$565 ,,"$1,200 ",,
2/22/18,$424 ,$459 ,,$670 ,$872 ,$825 ,$824 ,$870 ,$800 ,"$1,150 ","$1,175 ","$1,250 ",,$550 ,,"$1,200 ",,
2/23/18,$424 ,$458 ,,$640 ,$878 ,$799 ,$800 ,$870 ,$800 ,"$1,700 ","$1,164 ","$1,269 ",,$546 ,,"$1,200 ",,
2/24/18,$424 ,$380 ,,$650 ,$878 ,$805 ,$810 ,$869 ,$800 ,"$1,800 ","$1,160 ","$1,269 ",,$526 ,,"$1,199 ",,
2/25/18,$360 ,$455 ,,$650 ,$878 ,$785 ,$890 ,$850 ,$800 ,"$1,800 ","$1,160 ","$1,246 ",,$526 ,,"$1,179 ",,
2/26/18,$360 ,$440 ,,$719 ,$878 ,$791 ,$850 ,$869 ,$880 ,"$1,200 ","$1,157 ","$1,348 ",$511 ,$520 ,,"$1,179 ",$939 ,
2/27/18,$360 ,$440 ,,$650 ,$878 ,$789 ,$800 ,$849 ,$879 ,"$1,460 ","$1,193 ","$1,290 ",$510 ,$510 ,,"$1,179 ",$930 ,
2/28/18,$360 ,$440 ,,$640 ,$770 ,$742 ,$869 ,$849 ,$879 ,"$1,300 ","$1,190 ","$1,030 ",$500 ,$519 ,,"$1,170 ",$927 ,
3/1/18,$360 ,$444 ,,$625 ,$770 ,$728 ,$869 ,$849 ,$879 ,"$1,230 ","$1,184 ","$1,320 ",$500 ,$510 ,,"$1,170 ",$920 ,
3/2/18,$360 ,$450 ,,$613 ,$770 ,$650 ,$890 ,$849 ,$860 ,"$1,190 ","$1,160 ","$1,269 ",$490 ,$499 ,,"$1,159 ",$900 ,
3/3/18,$360 ,$460 ,,$613 ,$680 ,$725 ,$890 ,$849 ,$730 ,"$1,190 ","$1,160 ","$1,269 ",$500 ,$509 ,,"$1,159 ",$876 ,
3/4/18,$360 ,$463 ,,$613 ,$680 ,$715 ,$890 ,$849 ,$733 ,"$1,400 ","$1,160 ","$1,269 ",$480 ,$510 ,,"$1,159 ",$900 ,
3/5/18,$360 ,$461 ,,$625 ,$680 ,$715 ,$880 ,$849 ,$859 ,"$1,400 ","$1,136 ","$1,269 ",$500 ,$499 ,,"$1,159 ",$914 ,
3/6/18,$360 ,$461 ,,$625 ,$850 ,$700 ,$880 ,$849 ,$700 ,"$1,398 ","$1,136 ","$1,298 ",$490 ,$495 ,,"$1,159 ",$876 ,
3/7/18,$350 ,$400 ,,$660 ,$800 ,$700 ,$870 ,$849 ,$710 ,"$1,380 ","$1,135 ","$1,299 ",$500 ,$495 ,,"$1,159 ",$869 ,
3/8/18,$350 ,$380 ,,$623 ,$670 ,$728 ,$870 ,$849 ,$710 ,"$1,200 ","$1,134 ","$1,249 ",$500 ,$489 ,,"$1,385 ",$849 ,
3/9/18,$350 ,$436 ,,$620 ,$670 ,$700 ,$890 ,$849 ,$735 ,"$1,130 ","$1,130 ","$1,245 ",$500 ,$485 ,,"$1,150 ",$849 ,
3/10/18,$350 ,$434 ,,$670 ,$600 ,$700 ,$889 ,$850 ,$689 ,"$1,230 ","$1,179 ","$1,030 ",$400 ,$479 ,,"$1,150 ",$860 ,
3/11/18,$421 ,$440 ,,$650 ,$770 ,$728 ,$588 ,$850 ,$735 ,"$1,293 ","$1,125 ","$1,215 ",$400 ,$479 ,,"$1,150 ",$860 ,
3/12/18,$421 ,$436 ,,$670 ,$770 ,$650 ,$588 ,$850 ,$600 ,"$1,100 ","$1,125 ","$1,030 ",$500 ,$479 ,,"$1,150 ",$860 ,
3/13/18,$380 ,$350 ,,$650 ,$758 ,$650 ,$869 ,$830 ,$679 ,"$1,100 ","$1,124 ","$1,215 ",$500 ,$479 ,,"$1,096 ",$849 ,
3/14/18,$421 ,$436 ,,$669 ,$770 ,$660 ,$869 ,$830 ,$659 ,"$1,089 ","$1,124 ","$1,195 ",$499 ,$479 ,,"$1,140 ",$846 ,
3/15/18,$421 ,$400 ,$479 ,$668 ,$750 ,$658 ,$869 ,$830 ,$659 ,$999 ,"$1,125 ","$1,142 ",$500 ,$474 ,,"$1,099 ",$845 ,
3/16/18,$421 ,$400 ,$479 ,$524 ,$750 ,$658 ,$850 ,$790 ,$670 ,"$1,049 ","$1,124 ","$1,200 ",$500 ,$474 ,,"$1,089 ",$844 ,
3/17/18,$421 ,$400 ,$479 ,$670 ,$600 ,$633 ,$830 ,$795 ,$670 ,"$1,043 ","$1,100 ","$1,219 ",$500 ,$474 ,,"$1,089 ",$842 ,
3/18/18,$421 ,$400 ,$479 ,$660 ,$670 ,$633 ,$830 ,$815 ,$670 ,"$1,043 ","$1,100 ","$1,230 ",$500 ,$474 ,,$950 ,$834 ,
3/19/18,$421 ,$400 ,$400 ,$653 ,$660 ,$480 ,$799 ,$849 ,$695 ,"$1,090 ","$1,100 ","$1,249 ",$472 ,$474 ,,"$1,079 ",$828 ,
3/20/18,$419 ,$400 ,$400 ,$610 ,$650 ,$600 ,$790 ,$814 ,$695 ,"$1,100 ","$1,100 ","$1,200 ",$478 ,$470 ,,"$1,079 ",$795 ,
3/21/18,$400 ,$400 ,$400 ,$694 ,$640 ,$570 ,$779 ,$813 ,$690 ,"$1,059 ","$1,100 ","$1,199 ",$472 ,$470 ,,"$1,050 ",$786 ,
3/22/18,$418 ,$400 ,$400 ,$694 ,$630 ,$570 ,$770 ,$801 ,$689 ,"$1,059 ","$1,100 ","$1,199 ",$439 ,$469 ,,"$1,050 ",$785 ,
3/23/18,$412 ,$400 ,$400 ,$675 ,$730 ,$570 ,$776 ,$745 ,$685 ,"$1,099 ","$1,100 ","$1,237 ",$449 ,$460 ,,"$1,050 ",$785 ,
3/24/18,$400 ,$400 ,$400 ,$650 ,$730 ,$570 ,$765 ,$745 ,$682 ,"$1,099 ","$1,100 ","$1,236 ",$449 ,$460 ,,"$1,050 ",$785 ,
3/25/18,$412 ,$400 ,$400 ,$695 ,$729 ,$570 ,$765 ,$745 ,$679 ,"$1,099 ","$1,100 ","$1,190 ",$433 ,$460 ,,"$1,050 ",$785 ,
3/26/18,$412 ,$400 ,$400 ,$729 ,$710 ,$570 ,$765 ,$740 ,$678 ,"$1,060 ","$1,100 ","$1,190 ",$449 ,$460 ,,"$1,050 ",$766 ,
3/27/18,$410 ,$400 ,$400 ,$690 ,$710 ,$556 ,$765 ,$740 ,$679 ,"$1,050 ","$1,100 ","$1,190 ",$449 ,$460 ,,"$1,050 ",$760 ,
3/28/18,$400 ,$400 ,$400 ,$660 ,$690 ,$565 ,$765 ,$740 ,$660 ,"$1,075 ","$1,100 ","$1,190 ",$449 ,$460 ,,"$1,050 ",$756 ,
3/29/18,$390 ,$396 ,$400 ,$560 ,$700 ,$570 ,$765 ,$690 ,$660 ,"$1,075 ","$1,100 ","$1,219 ",$448 ,$460 ,,"$1,050 ",$755 ,
3/30/18,$380 ,$385 ,$400 ,$542 ,$700 ,$570 ,$753 ,$688 ,$650 ,"$1,075 ","$1,100 ","$1,171 ",$389 ,$460 ,,"$1,050 ",$756 ,
3/31/18,$350 ,$385 ,$400 ,$542 ,$600 ,$590 ,$753 ,$678 ,$650 ,"$1,075 ","$1,100 ","$1,143 ",$389 ,$460 ,,"$1,050 ",$756 ,
4/1/18,$350 ,$385 ,$400 ,$530 ,$645 ,$590 ,$750 ,$680 ,$650 ,"$1,400 ","$1,100 ","$1,192 ",$402 ,$460 ,,"$1,050 ",$756 ,
4/2/18,$343 ,$390 ,$387 ,$532 ,$640 ,$570 ,$740 ,$680 ,$647 ,"$1,300 ","$1,100 ","$1,200 ",$430 ,$460 ,,"$1,050 ",$755 ,
4/3/18,$342 ,$396 ,$387 ,$565 ,$615 ,$486 ,$700 ,$686 ,$630 ,"$1,400 ","$1,100 ","$1,190 ",$439 ,$460 ,,$949 ,$755 ,
4/4/18,$342 ,$396 ,$365 ,$565 ,$679 ,$486 ,$730 ,$684 ,$620 ,"$1,150 ","$1,099 ","$1,200 ",$407 ,$450 ,,$949 ,$755 ,
4/5/18,$330 ,$399 ,$362 ,$525 ,$679 ,$550 ,$721 ,$684 ,$625 ,"$1,292 ","$1,099 ","$1,220 ",$390 ,$446 ,,$945 ,$755 ,
4/6/18,$323 ,$390 ,$355 ,$525 ,$679 ,$556 ,$721 ,$640 ,$633 ,"$1,098 ","$1,099 ","$1,220 ",$385 ,$440 ,,$940 ,$755 ,
4/7/18,$323 ,$340 ,$355 ,$524 ,$679 ,$550 ,$721 ,$649 ,$625 ,$999 ,"$1,099 ","$1,190 ",$385 ,$395 ,,$940 ,$750 ,
4/8/18,$323 ,$340 ,$355 ,$524 ,$679 ,$545 ,$721 ,$649 ,$625 ,$970 ,"$1,099 ","$1,190 ",$385 ,$395 ,,$915 ,$750 ,
4/9/18,$315 ,$340 ,$355 ,$520 ,$679 ,$555 ,$727 ,$640 ,$610 ,$954 ,"$1,099 ","$1,170 ",$360 ,$395 ,,$940 ,$750 ,
4/10/18,$315 ,$340 ,$355 ,$524 ,$679 ,$555 ,$629 ,$640 ,$583 ,$955 ,"$1,099 ","$1,190 ",$424 ,$395 ,,$940 ,$748 ,
4/11/18,$323 ,$367 ,$350 ,$496 ,$679 ,$555 ,$629 ,$640 ,$520 ,"$1,100 ","$1,099 ","$1,190 ",$360 ,$395 ,,$940 ,$740 ,
4/12/18,$323 ,$365 ,$324 ,$496 ,$680 ,$540 ,$629 ,$670 ,$550 ,"$1,098 ","$1,099 ","$1,190 ",$418 ,$395 ,,$900 ,$738 ,
4/13/18,$323 ,$367 ,$324 ,$496 ,$680 ,$500 ,$629 ,$680 ,$500 ,"$1,054 ","$1,099 ","$1,190 ",$418 ,$395 ,,$900 ,$737 ,
4/14/18,$310 ,$367 ,$324 ,$496 ,$680 ,$500 ,$629 ,$679 ,$500 ,"$1,054 ","$1,099 ","$1,184 ",$418 ,$395 ,,$900 ,$690 ,
4/15/18,$310 ,$367 ,$324 ,$496 ,$600 ,$500 ,$690 ,$679 ,$550 ,"$1,050 ","$1,099 ","$1,030 ",$418 ,$395 ,,$900 ,$690 ,
4/16/18,$304 ,$367 ,$324 ,$496 ,$580 ,$540 ,$680 ,$680 ,$548 ,$999 ,"$1,099 ","$1,215 ",$360 ,$395 ,,$900 ,$736 ,
4/17/18,$330 ,$367 ,$324 ,$496 ,$600 ,$493 ,$680 ,$649 ,$548 ,$999 ,"$1,099 ","$1,150 ",$360 ,$395 ,,$885 ,$738 ,
4/18/18,$330 ,$350 ,$324 ,$496 ,$600 ,$493 ,$680 ,$680 ,$548 ,"$1,060 ",$980 ,"$1,215 ",$345 ,$395 ,,$885 ,$738 ,
4/19/18,$323 ,$393 ,$324 ,$496 ,$600 ,$493 ,$680 ,$669 ,$520 ,"$1,010 ","$1,154 ","$1,245 ",$345 ,$395 ,,$885 ,$738 ,
4/20/18,$323 ,$393 ,$324 ,$496 ,$600 ,$500 ,$680 ,$660 ,$520 ,"$1,006 ","$1,154 ","$1,150 ",$345 ,$387 ,,$885 ,$738 ,
4/21/18,$323 ,$362 ,$330 ,$496 ,$600 ,$500 ,$680 ,$610 ,$520 ,"$1,055 ","$1,172 ","$1,123 ",$345 ,$387 ,,$885 ,$701 ,
4/22/18,$323 ,$367 ,$330 ,$496 ,$600 ,$578 ,$680 ,$590 ,$520 ,"$1,055 ","$1,172 ","$1,123 ",$345 ,$387 ,,$885 ,$701 ,
4/23/18,$300 ,$362 ,$330 ,$481 ,$679 ,$579 ,$680 ,$584 ,$520 ,"$1,200 ","$1,172 ","$1,110 ",$345 ,$374 ,,$885 ,$670 ,
4/24/18,$300 ,$355 ,$330 ,$474 ,$679 ,$577 ,$680 ,$583 ,$510 ,"$1,200 ","$1,172 ","$1,290 ",$327 ,$346 ,,$885 ,$657 ,
4/25/18,$299 ,$360 ,$330 ,$464 ,$600 ,$480 ,$680 ,$583 ,$510 ,"$1,200 ","$1,172 ","$1,290 ",$327 ,$350 ,,$885 ,$657 ,
4/26/18,$299 ,$359 ,$330 ,$464 ,$600 ,$579 ,$590 ,$583 ,$510 ,"$1,130 ","$1,172 ","$1,120 ",$327 ,$350 ,,$885 ,$657 ,
4/27/18,$290 ,$359 ,$320 ,$464 ,$600 ,$579 ,$610 ,$572 ,$510 ,"$1,140 ","$1,172 ","$1,099 ",$350 ,$350 ,,$870 ,$701 ,
4/28/18,$300 ,$359 ,$320 ,$464 ,$600 ,$500 ,$610 ,$510 ,$510 ,"$1,170 ","$1,172 ","$1,116 ",$350 ,$284 ,,$870 ,$701 ,
4/29/18,$300 ,$354 ,$320 ,$464 ,$600 ,$574 ,$610 ,$510 ,$510 ,"$1,177 ","$1,172 ","$1,110 ",$350 ,$284 ,,$870 ,$700 ,
4/30/18,$300 ,$354 ,$320 ,$464 ,$600 ,$574 ,$610 ,$510 ,$510 ,"$1,177 ","$1,172 ","$1,116 ",$350 ,$284 ,,$850 ,$722 ,
5/1/18,$310 ,$354 ,$320 ,$464 ,$600 ,$569 ,$673 ,$571 ,$520 ,"$1,200 ","$1,000 ","$1,290 ",$359 ,$284 ,,$840 ,$670 ,
5/2/18,$320 ,$349 ,$320 ,$464 ,$600 ,$500 ,$580 ,$571 ,$520 ,"$1,200 ","$1,000 ","$1,116 ",$359 ,$284 ,,$850 ,$670 ,
5/3/18,$320 ,$344 ,$320 ,$464 ,$600 ,$500 ,$563 ,$571 ,$520 ,"$1,170 ",$970 ,"$1,019 ",$359 ,$284 ,,$850 ,$678 ,
5/4/18,$330 ,$330 ,$320 ,$503 ,$600 ,$500 ,$563 ,$571 ,$520 ,"$1,200 ",$970 ,$976 ,$359 ,$284 ,,$850 ,$620 ,
5/5/18,$330 ,$349 ,$320 ,$502 ,$600 ,$493 ,$563 ,$571 ,$520 ,"$1,200 ",$970 ,$976 ,$359 ,$284 ,,$850 ,$620 ,
5/6/18,$370 ,$343 ,$320 ,$501 ,$600 ,$493 ,$563 ,$571 ,$520 ,"$1,200 ",$970 ,$959 ,$344 ,$284 ,,$850 ,$620 ,
5/7/18,$320 ,$344 ,$320 ,$494 ,$600 ,$470 ,$563 ,$500 ,$520 ,"$1,099 ",$970 ,$976 ,$344 ,$284 ,,$850 ,$620 ,
5/8/18,$320 ,$344 ,$320 ,$494 ,$600 ,$470 ,$571 ,$500 ,$520 ,$966 ,"$1,138 ","$1,110 ",$344 ,$284 ,,$840 ,$600 ,
5/9/18,$320 ,$296 ,$320 ,$494 ,$600 ,$470 ,$571 ,$560 ,$520 ,$999 ,"$1,138 ",$959 ,$344 ,$284 ,,$799 ,$600 ,
5/10/18,$320 ,$296 ,$320 ,$500 ,$600 ,$470 ,$613 ,$565 ,$510 ,$899 ,"$1,075 ","$1,200 ",$350 ,$284 ,,$799 ,$600 ,
5/11/18,$300 ,$343 ,$320 ,$500 ,$600 ,$544 ,$565 ,$565 ,$510 ,$925 ,"$1,075 ","$1,116 ",$346 ,$330 ,,$809 ,$600 ,"$1,625 "
5/12/18,$300 ,$343 ,$320 ,$500 ,$600 ,$535 ,$613 ,$500 ,$510 ,$899 ,"$1,075 ","$1,110 ",$345 ,$330 ,,$809 ,$600 ,"$1,626 "
5/13/18,$300 ,$296 ,$320 ,$500 ,$600 ,$535 ,$570 ,$500 ,$510 ,$899 ,"$1,074 ",$959 ,$345 ,$330 ,,$809 ,$600 ,"$1,626 "
5/14/18,$300 ,$296 ,$320 ,$496 ,$600 ,$470 ,$570 ,$550 ,$500 ,$899 ,"$1,074 ","$1,100 ",$345 ,$330 ,,$809 ,$600 ,"$1,626 "
5/15/18,$300 ,$343 ,$300 ,$496 ,$680 ,$500 ,$619 ,$550 ,$500 ,$880 ,"$1,073 ","$1,032 ",$344 ,$330 ,,$809 ,$629 ,"$1,630 "
5/16/18,$300 ,$296 ,$300 ,$496 ,$680 ,$544 ,$570 ,$549 ,$500 ,$880 ,"$1,073 ",$989 ,$344 ,$330 ,,$799 ,$657 ,"$1,630 "
5/17/18,$300 ,$296 ,$300 ,$510 ,$679 ,$544 ,$570 ,$565 ,$500 ,$955 ,$960 ,"$1,000 ",$340 ,$330 ,,$799 ,$648 ,"$1,630 "
5/18/18,$300 ,$300 ,$320 ,$509 ,$679 ,$544 ,$570 ,$530 ,$500 ,$955 ,$930 ,"$1,100 ",$340 ,$330 ,,$799 ,$640 ,"$1,630 "
5/19/18,$300 ,$296 ,$320 ,$500 ,$679 ,$544 ,$570 ,$530 ,$510 ,$955 ,$930 ,$959 ,$340 ,$327 ,,$799 ,$620 ,"$1,630 "
5/20/18,$300 ,$296 ,$320 ,$500 ,$679 ,$544 ,$570 ,$530 ,$510 ,$945 ,$930 ,"$1,150 ",$340 ,$317 ,,$799 ,$620 ,"$1,630 "
5/21/18,$300 ,$296 ,$320 ,$500 ,$679 ,$544 ,$570 ,$500 ,$510 ,$945 ,$950 ,$959 ,$343 ,$310 ,,$795 ,$620 ,"$1,630 "
5/22/18,$300 ,$292 ,$320 ,$509 ,$679 ,$544 ,$570 ,$500 ,$490 ,$939 ,$950 ,$959 ,$344 ,$307 ,,$795 ,$620 ,"$1,630 "
5/23/18,$320 ,$305 ,$320 ,$500 ,$678 ,$470 ,$570 ,$500 ,$490 ,$939 ,$945 ,$959 ,$330 ,$320 ,,$795 ,$620 ,"$1,630 "
5/24/18,$320 ,$292 ,$320 ,$500 ,$675 ,$470 ,$570 ,$500 ,$490 ,$740 ,$950 ,$959 ,$330 ,$320 ,,$795 ,$619 ,"$1,630 "
5/25/18,$320 ,$305 ,$320 ,$490 ,$675 ,$470 ,$570 ,$498 ,$490 ,$970 ,"$1,035 ",$959 ,$330 ,$320 ,,$730 ,$619 ,"$1,630 "
5/26/18,$320 ,$346 ,$320 ,$490 ,$675 ,$470 ,$570 ,$498 ,$490 ,$929 ,"$1,035 ",$959 ,$330 ,$320 ,,$730 ,$550 ,"$1,630 "
5/27/18,$320 ,$292 ,$319 ,$504 ,$675 ,$470 ,$570 ,$550 ,$490 ,$929 ,"$1,035 ",$968 ,$330 ,$320 ,,$730 ,$550 ,"$1,630 "
5/28/18,$320 ,$292 ,$319 ,$500 ,$675 ,$470 ,$570 ,$550 ,$490 ,$949 ,"$1,034 ","$1,190 ",$330 ,$320 ,,$730 ,$550 ,$530 
5/29/18,$320 ,$305 ,$319 ,$498 ,$675 ,$470 ,$550 ,$550 ,$510 ,$760 ,"$1,034 ","$1,196 ",$330 ,$320 ,,$730 ,$550 ,$530 
5/30/18,$320 ,$355 ,$300 ,$491 ,$650 ,$470 ,$550 ,$550 ,$510 ,$963 ,"$1,034 ",$929 ,$329 ,$320 ,,$730 ,$550 ,$530 
5/31/18,$320 ,$359 ,$300 ,$498 ,$650 ,$450 ,$550 ,$550 ,$510 ,$680 ,"$1,035 ","$1,190 ",$329 ,$320 ,,$730 ,$550 ,$530 
6/1/18,$320 ,$349 ,$300 ,$509 ,$670 ,$460 ,$555 ,$550 ,$510 ,$915 ,"$1,035 ","$1,190 ",$330 ,$320 ,,$730 ,$550 ,"$1,091 "
6/2/18,$320 ,$338 ,$300 ,$480 ,$670 ,$460 ,$555 ,$470 ,$510 ,$963 ,"$1,035 ","$1,103 ",$320 ,$320 ,,$730 ,$550 ,"$1,090 "
6/3/18,$320 ,$292 ,$300 ,$470 ,$670 ,$450 ,$555 ,$470 ,$510 ,$963 ,"$1,035 ","$1,103 ",$320 ,$350 ,,$730 ,$550 ,"$1,090 "
6/4/18,$320 ,$292 ,$300 ,$470 ,$670 ,$450 ,$551 ,$470 ,$510 ,$963 ,$770 ,$959 ,$320 ,$350 ,,$650 ,$550 ,"$1,090 "
6/5/18,$320 ,$338 ,$300 ,$499 ,$670 ,$450 ,$551 ,$470 ,$500 ,$999 ,$900 ,$903 ,$320 ,$350 ,,$650 ,$550 ,"$1,091 "
6/6/18,$320 ,$330 ,$300 ,$490 ,$670 ,$450 ,$550 ,$565 ,$500 ,$955 ,$900 ,$999 ,$315 ,$330 ,,$600 ,$550 ,"$1,090 "
6/7/18,$320 ,$343 ,$300 ,$480 ,$670 ,$450 ,$550 ,$563 ,$500 ,$950 ,$899 ,$905 ,$320 ,$330 ,,$575 ,$550 ,"$1,090 "
6/8/18,$300 ,$320 ,$300 ,$490 ,$670 ,$499 ,$550 ,$563 ,$500 ,$949 ,$840 ,"$1,046 ",$320 ,$330 ,,$700 ,$550 ,"$1,090 "
6/9/18,$300 ,$336 ,$300 ,$499 ,$670 ,$499 ,$500 ,$550 ,$500 ,$949 ,$840 ,$922 ,$320 ,$330 ,,$769 ,$550 ,"$1,090 "
6/10/18,$300 ,$336 ,$300 ,$490 ,$670 ,$499 ,$500 ,$550 ,$500 ,$949 ,$840 ,$940 ,$320 ,$330 ,,$769 ,$550 ,"$1,090 "
6/11/18,$300 ,$336 ,$300 ,$490 ,$640 ,$499 ,$500 ,$490 ,$500 ,$949 ,$840 ,$943 ,$320 ,$330 ,,$769 ,$550 ,"$1,090 "
6/12/18,$300 ,$336 ,$320 ,$490 ,$590 ,$500 ,$500 ,$490 ,$500 ,$949 ,$770 ,$900 ,$320 ,$330 ,,$749 ,$550 ,"$1,090 "
6/13/18,$300 ,$336 ,$320 ,$490 ,$580 ,$500 ,$500 ,$490 ,$500 ,$640 ,$770 ,$846 ,$320 ,$330 ,,$749 ,$550 ,"$1,090 "
6/14/18,$300 ,$336 ,$320 ,$490 ,$570 ,$500 ,$500 ,$490 ,$500 ,$640 ,$810 ,$900 ,$320 ,$330 ,,$749 ,$579 ,"$1,090 "
6/15/18,$300 ,$336 ,$320 ,$486 ,$550 ,$500 ,$500 ,$470 ,$500 ,$640 ,$810 ,$900 ,$320 ,$330 ,,$718 ,$520 ,"$1,090 "
6/16/18,$300 ,$336 ,$320 ,$423 ,$550 ,$500 ,$550 ,$470 ,$500 ,$949 ,$810 ,$900 ,$320 ,$330 ,,$718 ,$520 ,"$1,090 "
6/17/18,$300 ,$297 ,$320 ,$423 ,$550 ,$500 ,$549 ,$470 ,$499 ,$949 ,$810 ,$900 ,$320 ,$330 ,,$718 ,$520 ,"$1,090 "
6/18/18,$318 ,$320 ,$320 ,$469 ,$540 ,$500 ,$549 ,$470 ,$499 ,$949 ,$810 ,$900 ,$320 ,$330 ,,$718 ,$520 ,"$1,090 "
6/19/18,$320 ,$330 ,$320 ,$469 ,$530 ,$439 ,$549 ,$470 ,$499 ,$949 ,$810 ,$900 ,$300 ,$330 ,,$600 ,$520 ,"$1,750 "
6/20/18,$320 ,$330 ,$320 ,$469 ,$520 ,$439 ,$549 ,$470 ,$499 ,$949 ,$810 ,$899 ,$300 ,$329 ,,$600 ,$520 ,"$1,746 "
6/21/18,$320 ,$330 ,$320 ,$469 ,$515 ,$439 ,$549 ,$470 ,$499 ,$949 ,$810 ,$883 ,$300 ,$329 ,,$600 ,$520 ,"$1,740 "
6/22/18,$320 ,$325 ,$320 ,$469 ,$515 ,$439 ,$549 ,$470 ,$499 ,$949 ,$810 ,$830 ,$300 ,$329 ,,$600 ,$520 ,$939 
6/23/18,$320 ,$325 ,$320 ,$469 ,$515 ,$439 ,$545 ,$470 ,$499 ,$949 ,$810 ,$759 ,$300 ,$320 ,,$700 ,$520 ,$939 
6/24/18,$320 ,$320 ,$320 ,$469 ,$515 ,$439 ,$545 ,$470 ,$499 ,$948 ,$810 ,$830 ,$300 ,$320 ,,$700 ,$520 ,$939 
6/25/18,$320 ,$320 ,$320 ,$469 ,$513 ,$420 ,$570 ,$470 ,$499 ,$948 ,$810 ,$830 ,$300 ,$320 ,,$600 ,$520 ,$940 
6/26/18,$282 ,$330 ,$320 ,$469 ,$670 ,$500 ,$530 ,$470 ,$498 ,$925 ,$810 ,$817 ,$300 ,$320 ,,$600 ,$520 ,$940 
6/27/18,$282 ,$330 ,$320 ,$469 ,$670 ,$500 ,$500 ,$470 ,$498 ,$925 ,$810 ,$817 ,$300 ,$310 ,,$600 ,$520 ,$940 
6/28/18,$282 ,$316 ,$320 ,$469 ,$670 ,$500 ,$500 ,$470 ,$498 ,$900 ,$810 ,$817 ,$300 ,$310 ,,$600 ,$520 ,$939 
6/29/18,$290 ,$320 ,$320 ,$468 ,$700 ,$450 ,$530 ,$470 ,$498 ,$900 ,$810 ,$817 ,$300 ,$310 ,,$600 ,$520 ,$940 
6/30/18,$290 ,$307 ,$320 ,$468 ,$700 ,$450 ,$530 ,$470 ,$480 ,$900 ,$810 ,$817 ,$300 ,$310 ,,$600 ,$520 ,$939 
7/1/18,$300 ,$307 ,$320 ,$467 ,$700 ,$470 ,$530 ,$470 ,$480 ,$900 ,$840 ,$817 ,$300 ,$310 ,,$750 ,$520 ,$940 
7/2/18,$300 ,$307 ,$320 ,$467 ,$700 ,$470 ,$549 ,$470 ,$480 ,$900 ,$840 ,$810 ,$300 ,$310 ,,$750 ,$520 ,$940 
7/3/18,$300 ,$307 ,$320 ,$466 ,$700 ,$470 ,$500 ,$470 ,$490 ,$900 ,$820 ,$830 ,$300 ,$300 ,,$688 ,$520 ,$939 
7/4/18,$300 ,$307 ,$320 ,$466 ,$700 ,$470 ,$549 ,$470 ,$490 ,$900 ,$820 ,$830 ,$300 ,$300 ,,$590 ,$520 ,$938 
7/5/18,$291 ,$307 ,$320 ,$460 ,$700 ,$450 ,$549 ,$470 ,$490 ,$800 ,$820 ,$830 ,$300 ,$300 ,,$590 ,$520 ,$938 
7/6/18,$280 ,$311 ,$320 ,$460 ,$700 ,$450 ,$549 ,$470 ,$490 ,$800 ,$820 ,$830 ,$300 ,$300 ,,$590 ,$520 ,$938 
7/7/18,$280 ,$311 ,$320 ,$466 ,$650 ,$450 ,$549 ,$460 ,$490 ,$800 ,$820 ,$845 ,$300 ,$300 ,,$590 ,$520 ,$938 
7/8/18,$280 ,$307 ,$320 ,$466 ,$600 ,$450 ,$549 ,$460 ,$490 ,$800 ,$820 ,$845 ,$300 ,$300 ,,$590 ,$520 ,$500 
7/9/18,$280 ,$298 ,$320 ,$466 ,$600 ,$470 ,$490 ,$470 ,$480 ,$800 ,$820 ,$845 ,$300 ,$300 ,,$590 ,$520 ,$939 
7/10/18,$280 ,$298 ,$320 ,$466 ,$600 ,$470 ,$490 ,$470 ,$480 ,$800 ,$820 ,$810 ,$275 ,$300 ,,$590 ,$510 ,$939 
7/11/18,$280 ,$298 ,$320 ,$466 ,$600 ,$470 ,$490 ,$470 ,$490 ,$800 ,$820 ,$810 ,$280 ,$300 ,,$590 ,$510 ,$939 
7/12/18,$280 ,$298 ,$320 ,$465 ,$590 ,$470 ,$500 ,$470 ,$490 ,$800 ,$820 ,$810 ,$280 ,$300 ,,$590 ,$510 ,$939 
7/13/18,$300 ,$298 ,$320 ,$465 ,$585 ,$400 ,$490 ,$460 ,$490 ,$800 ,$820 ,$810 ,$280 ,$260 ,,$590 ,$510 ,$939 
7/14/18,$300 ,$298 ,$320 ,$465 ,$585 ,$400 ,$490 ,$460 ,$490 ,$800 ,$820 ,$810 ,$278 ,$260 ,,$590 ,$510 ,$939 
7/15/18,$300 ,$327 ,$320 ,$465 ,$585 ,$400 ,$490 ,$460 ,$490 ,$799 ,$820 ,$810 ,$280 ,$260 ,,$590 ,$510 ,$939 
7/16/18,$300 ,$327 ,$320 ,$465 ,$580 ,$470 ,$549 ,$470 ,$486 ,$799 ,$820 ,$810 ,$275 ,$260 ,,$590 ,$510 ,$939 
7/17/18,$300 ,$294 ,$300 ,$465 ,$560 ,$460 ,$549 ,$450 ,$486 ,$799 ,$820 ,$845 ,$270 ,$260 ,,$590 ,$510 ,$939 
7/18/18,$300 ,$336 ,$300 ,$465 ,$560 ,$455 ,$549 ,$450 ,$486 ,$799 ,$820 ,$889 ,$270 ,$260 ,,$590 ,$510 ,$939 
7/19/18,$300 ,$339 ,$300 ,$465 ,$560 ,$455 ,$547 ,$470 ,$486 ,$700 ,$810 ,$850 ,$270 ,$260 ,,$590 ,$500 ,$939 
7/20/18,$300 ,$335 ,$300 ,$465 ,$560 ,$430 ,$549 ,$460 ,$486 ,$799 ,$810 ,$850 ,$270 ,$260 ,,$590 ,$500 ,$939 
7/21/18,$290 ,$335 ,$300 ,$465 ,$555 ,$430 ,$549 ,$460 ,$486 ,$799 ,$810 ,$850 ,$280 ,$300 ,,$590 ,$500 ,$939 
7/22/18,$290 ,$335 ,$300 ,$465 ,$555 ,$430 ,$549 ,$460 ,$486 ,$799 ,$810 ,$850 ,$280 ,$300 ,,$590 ,$500 ,$939 
7/23/18,$300 ,$302 ,$300 ,$465 ,$550 ,$430 ,$549 ,$470 ,$486 ,$799 ,$810 ,$850 ,$280 ,$300 ,,$590 ,$500 ,$939 
7/24/18,$300 ,$293 ,$300 ,$450 ,$545 ,$430 ,$549 ,$470 ,$486 ,$799 ,$810 ,$849 ,$280 ,$300 ,,$590 ,$500 ,$939 
7/25/18,$280 ,$292 ,$300 ,$450 ,$544 ,$425 ,$549 ,$447 ,$475 ,$799 ,$695 ,$850 ,$270 ,$270 ,,$590 ,$550 ,$939 
7/26/18,$280 ,$293 ,$300 ,$430 ,$543 ,$425 ,$549 ,$447 ,$475 ,$799 ,$774 ,$850 ,$270 ,$270 ,,$590 ,$540 ,$939 
7/27/18,$280 ,$293 ,$300 ,$415 ,$542 ,$420 ,$549 ,$447 ,$475 ,$799 ,$774 ,$850 ,$270 ,$270 ,,$590 ,$540 ,$939 
7/28/18,$280 ,$293 ,$300 ,$390 ,$542 ,$420 ,$549 ,$447 ,$475 ,$824 ,$774 ,$850 ,$270 ,$270 ,,$590 ,$540 ,$939 
7/29/18,$280 ,$293 ,$300 ,$465 ,$540 ,$420 ,$549 ,$447 ,$475 ,$824 ,$774 ,$880 ,$270 ,$270 ,,$590 ,$550 ,$939 
7/30/18,$280 ,$293 ,$280 ,$465 ,$540 ,$420 ,$549 ,$470 ,$475 ,$824 ,$774 ,$880 ,$270 ,$270 ,,$590 ,$510 ,$480 
7/31/18,$280 ,$293 ,$280 ,$465 ,$538 ,$425 ,$549 ,$447 ,$475 ,$824 ,$776 ,$880 ,$270 ,$270 ,,$590 ,$510 ,$480 
8/1/18,$280 ,$293 ,$300 ,$465 ,$537 ,$410 ,$539 ,$490 ,$475 ,$916 ,$779 ,$880 ,$280 ,$270 ,,$590 ,$540 ,$480 
8/2/18,$280 ,$293 ,$307 ,$465 ,$537 ,$410 ,$539 ,$484 ,$475 ,$916 ,$779 ,$850 ,$280 ,$270 ,,$580 ,$549 ,$530 
8/3/18,$280 ,$293 ,$307 ,$458 ,$535 ,$410 ,$539 ,$484 ,$475 ,$955 ,$779 ,$848 ,$270 ,$270 ,,$580 ,$510 ,$530 
8/4/18,$280 ,$293 ,$307 ,$458 ,$530 ,$410 ,$539 ,$484 ,$480 ,$955 ,$779 ,$848 ,$268 ,$270 ,,$580 ,$510 ,$480 
8/5/18,$280 ,$293 ,$307 ,$458 ,$530 ,$410 ,$539 ,$484 ,$470 ,$955 ,$779 ,$848 ,$268 ,$270 ,,$580 ,$506 ,$480 
8/6/18,$280 ,$293 ,$307 ,$458 ,$530 ,$410 ,$539 ,$484 ,$470 ,$860 ,$779 ,$830 ,$268 ,$270 ,,$580 ,$506 ,$480 
8/7/18,$280 ,$293 ,$280 ,$458 ,$525 ,$410 ,$539 ,$484 ,$470 ,"$1,000 ",$779 ,$830 ,$268 ,$270 ,,$580 ,$506 ,$480 
8/8/18,$280 ,$293 ,$280 ,$448 ,$525 ,$410 ,$539 ,$484 ,$470 ,$880 ,$779 ,$830 ,$268 ,$270 ,,$580 ,$510 ,$480 
8/9/18,$280 ,$293 ,$280 ,$448 ,$515 ,$410 ,$539 ,$484 ,$470 ,$880 ,$779 ,$830 ,$268 ,$270 ,,$580 ,$510 ,$480 
8/10/18,$280 ,$293 ,$280 ,$448 ,$515 ,$410 ,$539 ,$484 ,$470 ,"$1,350 ",$779 ,$830 ,$263 ,$270 ,,$580 ,$506 ,$480 
8/11/18,$280 ,$293 ,$280 ,$448 ,$515 ,$410 ,$539 ,$484 ,$470 ,"$1,099 ",$779 ,$830 ,$263 ,$270 ,,$580 ,$510 ,$480 
8/12/18,$280 ,$293 ,$280 ,$457 ,$515 ,$410 ,$539 ,$484 ,$470 ,"$1,049 ",$779 ,$830 ,$263 ,$270 ,,$580 ,$510 ,$480 
8/13/18,$280 ,$293 ,$280 ,$449 ,$515 ,$410 ,$539 ,$484 ,$470 ,"$1,049 ",$779 ,$830 ,$263 ,$270 ,,$580 ,$510 ,$480 
8/14/18,$280 ,$293 ,$280 ,$429 ,$515 ,$410 ,$539 ,$484 ,$470 ,"$1,049 ",$779 ,$830 ,$263 ,$270 ,,$580 ,$510 ,$480 
8/15/18,$280 ,$293 ,$280 ,$457 ,$495 ,$410 ,$539 ,$450 ,$470 ,"$1,049 ",$779 ,$830 ,$263 ,$270 ,,$580 ,$500 ,$480 
8/16/18,$280 ,$293 ,$250 ,$425 ,$490 ,$410 ,$539 ,$450 ,$465 ,$915 ,$730 ,$780 ,$250 ,$270 ,,$580 ,$500 ,$480 
8/17/18,$280 ,$293 ,$280 ,$425 ,$489 ,$410 ,$539 ,$440 ,$465 ,$900 ,$730 ,$780 ,$250 ,$270 ,,$580 ,$499 ,$480 
8/18/18,$280 ,$293 ,$280 ,$425 ,$488 ,$410 ,$539 ,$440 ,$465 ,$900 ,$730 ,$780 ,$263 ,$270 ,,$580 ,$499 ,$480 
8/19/18,$280 ,$293 ,$280 ,$425 ,$488 ,$410 ,$539 ,$440 ,$465 ,$900 ,$730 ,$844 ,$230 ,$270 ,,$580 ,$499 ,$480 
8/20/18,$280 ,$310 ,$280 ,$425 ,$488 ,$410 ,$539 ,$440 ,$465 ,"$1,049 ",$730 ,$844 ,$230 ,$280 ,,$580 ,$499 ,$480 
8/21/18,$280 ,$309 ,$280 ,$425 ,$488 ,$360 ,$520 ,$450 ,$465 ,"$1,069 ",$730 ,$780 ,$225 ,$280 ,,$580 ,$499 ,$490 
8/22/18,$280 ,$309 ,$280 ,$456 ,$487 ,$360 ,$520 ,$450 ,$465 ,"$1,069 ",$730 ,$780 ,$225 ,$280 ,,$569 ,$499 ,$490 
8/23/18,$280 ,$309 ,$280 ,$425 ,$486 ,$360 ,$490 ,$450 ,$465 ,"$1,039 ",$730 ,$810 ,$225 ,$275 ,,$569 ,$499 ,$490 
8/24/18,$280 ,$309 ,$280 ,$425 ,$486 ,$360 ,$490 ,$450 ,$465 ,"$1,039 ",$680 ,$810 ,$230 ,$275 ,,$580 ,$499 ,$490 
8/25/18,$280 ,$311 ,$294 ,$425 ,$486 ,$360 ,$490 ,$490 ,$465 ,"$1,039 ",$680 ,$810 ,$230 ,$265 ,,$580 ,$499 ,$490 
8/26/18,$280 ,$311 ,$294 ,$425 ,$486 ,$360 ,$490 ,$450 ,$465 ,"$1,039 ",$680 ,$810 ,$230 ,$265 ,,$580 ,$499 ,$490 
8/27/18,$280 ,$299 ,$294 ,$452 ,$486 ,$360 ,$490 ,$500 ,$465 ,"$1,039 ",$680 ,$810 ,$230 ,$265 ,,$580 ,$499 ,$490 
8/28/18,$280 ,$299 ,$376 ,$452 ,$486 ,$360 ,$509 ,$450 ,$465 ,"$1,039 ",$750 ,$810 ,$250 ,$265 ,,$580 ,$499 ,$490 
8/29/18,$280 ,$296 ,$376 ,$451 ,$486 ,$413 ,$520 ,$515 ,$470 ,"$1,035 ",$750 ,$810 ,$250 ,$280 ,,$580 ,$499 ,$490 
8/30/18,$280 ,$296 ,$376 ,$451 ,$486 ,$413 ,$520 ,$513 ,$459 ,"$1,035 ",$680 ,$810 ,$230 ,$280 ,,$580 ,$499 ,$490 
8/31/18,$280 ,$296 ,$376 ,$451 ,$486 ,$413 ,$527 ,$513 ,$459 ,$999 ,$680 ,$787 ,$230 ,$270 ,,$580 ,$499 ,$490 
9/1/18,$280 ,$296 ,$376 ,$451 ,$486 ,$410 ,$527 ,$450 ,$470 ,$999 ,$779 ,$797 ,$273 ,$265 ,,$650 ,$499 ,$400 
9/2/18,$280 ,$296 ,$376 ,$281 ,$486 ,$413 ,$500 ,$450 ,$459 ,$999 ,$779 ,$804 ,$250 ,$265 ,,$650 ,$476 ,$916 
9/3/18,$280 ,$299 ,$376 ,$450 ,$485 ,$413 ,$500 ,$447 ,$459 ,"$1,029 ",$779 ,$810 ,$250 ,$265 ,,$650 ,$476 ,$917 
9/4/18,$280 ,$296 ,$375 ,$450 ,$485 ,$413 ,$500 ,$450 ,$459 ,$990 ,$779 ,$810 ,$250 ,$265 ,,$650 ,$499 ,$917 
9/5/18,$278 ,$296 ,$375 ,$445 ,$484 ,$413 ,$500 ,$450 ,$459 ,$990 ,$779 ,$810 ,$250 ,$240 ,,$650 ,$499 ,$913 
9/6/18,$278 ,$296 ,$375 ,$445 ,$484 ,$413 ,$500 ,$450 ,$459 ,$990 ,$809 ,$810 ,$250 ,$240 ,,$650 ,$499 ,$915 
9/7/18,$278 ,$296 ,$375 ,$436 ,$480 ,$413 ,$500 ,$450 ,$459 ,$990 ,$809 ,$802 ,$250 ,$240 ,,$650 ,$499 ,$400 
9/8/18,$278 ,$299 ,$375 ,$435 ,$479 ,$413 ,$527 ,$470 ,$459 ,$990 ,$809 ,$802 ,$250 ,$240 ,,$580 ,$499 ,$917 
9/9/18,$278 ,$299 ,$375 ,$434 ,$478 ,$413 ,$527 ,$470 ,$460 ,$999 ,$809 ,$720 ,$250 ,$240 ,,$580 ,$499 ,$917 
9/10/18,$278 ,$299 ,$375 ,$434 ,$478 ,$413 ,$527 ,$470 ,$460 ,$988 ,$809 ,$720 ,$250 ,$240 ,,$580 ,$499 ,$917 
9/11/18,$280 ,$298 ,$330 ,$430 ,$477 ,$413 ,$527 ,$470 ,$460 ,$988 ,$794 ,$810 ,$250 ,$240 ,,$580 ,$499 ,$916 
9/12/18,$280 ,$298 ,$340 ,$430 ,$477 ,$413 ,$527 ,$470 ,$460 ,"$1,008 ",$817 ,$810 ,$258 ,$240 ,,$580 ,$499 ,$913 
9/13/18,$280 ,$298 ,$340 ,$429 ,$449 ,$413 ,$500 ,$470 ,$460 ,"$1,008 ",$817 ,$810 ,$258 ,$240 ,,$580 ,$499 ,$915 
9/14/18,$280 ,$298 ,$340 ,$429 ,$490 ,$413 ,$500 ,$470 ,$460 ,"$1,008 ",$817 ,$810 ,$258 ,$240 ,,$580 ,$499 ,$908 
9/15/18,$280 ,$296 ,$340 ,$429 ,$490 ,$380 ,$500 ,$450 ,$460 ,"$1,008 ",$817 ,$787 ,$258 ,$240 ,,$580 ,$499 ,$908 
9/16/18,$280 ,$296 ,$340 ,$418 ,$490 ,$410 ,$500 ,$450 ,$460 ,"$1,008 ",$760 ,$787 ,$258 ,$240 ,,$580 ,$499 ,$500 
9/17/18,$280 ,$295 ,$340 ,$418 ,$490 ,$400 ,$500 ,$450 ,$460 ,"$1,008 ",$760 ,$787 ,$258 ,$240 ,,$580 ,$499 ,$500 
9/18/18,$280 ,$295 ,$340 ,$418 ,$449 ,$400 ,$500 ,$450 ,$460 ,$590 ,$760 ,$787 ,$258 ,$240 ,,$580 ,$499 ,$500 
9/19/18,$280 ,$295 ,$340 ,$410 ,$449 ,$400 ,$500 ,$450 ,$460 ,"$1,000 ",$760 ,$810 ,$258 ,$245 ,,$580 ,$499 ,$500 
9/20/18,$280 ,$295 ,$340 ,$400 ,$449 ,$400 ,$500 ,$450 ,$460 ,"$1,000 ",$760 ,$810 ,$258 ,$245 ,,$650 ,$479 ,$500 
9/21/18,$280 ,$295 ,$340 ,$400 ,$449 ,$400 ,$500 ,$450 ,$454 ,"$1,000 ",$760 ,$810 ,$258 ,$245 ,,$650 ,$479 ,$400 
9/22/18,$280 ,$295 ,$340 ,$400 ,$448 ,$400 ,$500 ,$430 ,$454 ,"$1,000 ",$734 ,$810 ,$258 ,$245 ,,$650 ,$479 ,$884 
9/23/18,$280 ,$295 ,$340 ,$390 ,$447 ,$400 ,$500 ,$430 ,$460 ,"$1,047 ",$734 ,$750 ,$258 ,$245 ,,$650 ,$479 ,$400 
9/24/18,$280 ,$295 ,$340 ,$390 ,$445 ,$400 ,$500 ,$430 ,$460 ,"$1,047 ",$710 ,$750 ,$258 ,$240 ,,$650 ,$479 ,$500 
9/25/18,$280 ,$295 ,$340 ,$405 ,$445 ,$400 ,$500 ,$430 ,$460 ,"$1,047 ",$690 ,$720 ,$258 ,$240 ,,$650 ,$479 ,$500 
9/26/18,$280 ,$286 ,$340 ,$400 ,$440 ,$400 ,$532 ,$430 ,$460 ,"$1,047 ",$680 ,$759 ,$258 ,$240 ,,$650 ,$479 ,$500 
9/27/18,$280 ,$286 ,$340 ,$400 ,$438 ,$400 ,$551 ,$430 ,$460 ,"$1,047 ",$800 ,$759 ,$258 ,$240 ,,$650 ,$479 ,$500 
9/28/18,$280 ,$286 ,$380 ,$400 ,$438 ,$400 ,$551 ,$430 ,$460 ,"$1,047 ",$800 ,$846 ,$240 ,$250 ,,$650 ,$479 ,$499 
9/29/18,$280 ,$286 ,$380 ,$400 ,$449 ,$380 ,$554 ,$430 ,$460 ,$800 ,$800 ,$849 ,$240 ,$250 ,,$650 ,$439 ,$477 
9/30/18,$280 ,$286 ,$380 ,$400 ,$449 ,$442 ,$559 ,$490 ,$460 ,$800 ,$816 ,$855 ,$240 ,$250 ,,$657 ,$450 ,$477 
10/1/18,$270 ,$286 ,$380 ,$400 ,$470 ,$443 ,$443 ,$410 ,$470 ,$800 ,$760 ,$810 ,$235 ,$240 ,,$657 ,$450 ,$500 
10/2/18,$270 ,$286 ,$420 ,$400 ,$470 ,$443 ,$443 ,$410 ,$470 ,"$1,047 ",$890 ,$858 ,$240 ,$240 ,,$658 ,$543 ,$500 
10/3/18,$270 ,$286 ,$420 ,$400 ,$470 ,$443 ,$443 ,$410 ,$470 ,"$1,046 ",$800 ,$990 ,$240 ,$240 ,,$650 ,$515 ,$465 
10/4/18,$270 ,$286 ,$420 ,$400 ,$470 ,$443 ,$443 ,$410 ,$470 ,"$1,046 ",$760 ,$849 ,$270 ,$240 ,,$650 ,$474 ,$465 
10/5/18,$270 ,$286 ,$380 ,$400 ,$470 ,$443 ,$443 ,$410 ,$470 ,"$1,046 ",$760 ,$894 ,$270 ,$240 ,,$650 ,$474 ,$465 
10/6/18,$270 ,$286 ,$380 ,$400 ,$470 ,$443 ,$443 ,$410 ,$470 ,"$1,046 ",$760 ,$894 ,$235 ,$240 ,,$650 ,$474 ,$465 
10/7/18,$259 ,$286 ,$380 ,$400 ,$470 ,$443 ,$578 ,$410 ,$470 ,"$1,046 ",$760 ,"$1,030 ",$235 ,$240 ,,$650 ,$474 ,$465 
10/8/18,$259 ,$286 ,$380 ,$400 ,$470 ,$443 ,$578 ,$410 ,$470 ,"$1,046 ",$750 ,$999 ,$265 ,$250 ,,$650 ,$470 ,$465 
10/9/18,$259 ,$280 ,$380 ,$400 ,$470 ,$443 ,$398 ,$410 ,$470 ,"$1,047 ",$750 ,"$1,030 ",$265 ,$270 ,,$650 ,$460 ,$465 
10/10/18,$259 ,$280 ,$390 ,$400 ,$470 ,$443 ,$398 ,$410 ,$460 ,$560 ,$750 ,$980 ,$265 ,$270 ,,$650 ,$450 ,$465 
10/11/18,$259 ,$280 ,$390 ,$400 ,$470 ,$443 ,$398 ,$410 ,$460 ,"$1,039 ",$750 ,"$1,030 ",$250 ,$270 ,,$649 ,$450 ,$465 
10/12/18,$259 ,$272 ,$390 ,$400 ,$470 ,$443 ,$398 ,$410 ,$460 ,"$1,039 ",$750 ,"$1,030 ",$250 ,$270 ,,$649 ,$450 ,$465 
10/13/18,$259 ,$272 ,$419 ,$400 ,$470 ,$420 ,$398 ,$410 ,$460 ,"$1,039 ",$749 ,"$1,099 ",$250 ,$270 ,,$649 ,$450 ,$465 
10/14/18,$259 ,$272 ,$419 ,$400 ,$470 ,$289 ,$398 ,$410 ,$460 ,"$1,039 ",$749 ,"$1,000 ",$250 ,$270 ,,$649 ,$450 ,$465 
10/15/18,$259 ,$283 ,$383 ,$400 ,$470 ,$419 ,$398 ,$410 ,$460 ,"$1,039 ",$739 ,"$1,000 ",$250 ,$270 ,,$649 ,$450 ,$400 
10/16/18,$259 ,$284 ,$383 ,$400 ,$470 ,$423 ,$398 ,$410 ,$460 ,"$1,039 ",$760 ,"$1,000 ",$250 ,$240 ,,$649 ,$450 ,$400 
10/17/18,$259 ,$284 ,$383 ,$400 ,$470 ,$423 ,$552 ,$410 ,$460 ,"$1,039 ",$820 ,"$1,199 ",$250 ,$240 ,,$649 ,$450 ,$400 
10/18/18,$259 ,$284 ,$340 ,$400 ,$470 ,$423 ,$552 ,$410 ,$460 ,"$1,047 ",$820 ,"$1,199 ",$230 ,$240 ,,$649 ,$450 ,$400 
10/19/18,$259 ,$290 ,$300 ,$400 ,$470 ,$423 ,$552 ,$410 ,$410 ,"$1,047 ",$760 ,$959 ,$225 ,$240 ,,$649 ,$450 ,$400 
10/20/18,$259 ,$290 ,$300 ,$400 ,$470 ,$423 ,$552 ,$410 ,$410 ,"$1,047 ",$760 ,"$1,100 ",$225 ,$240 ,,$649 ,$450 ,$400 
10/21/18,$259 ,$290 ,$300 ,$400 ,$470 ,$423 ,$552 ,$410 ,$410 ,"$1,047 ",$730 ,"$1,150 ",$225 ,$240 ,,$649 ,$450 ,$400 
10/22/18,$259 ,$290 ,$300 ,$400 ,$470 ,$423 ,$540 ,$410 ,$420 ,"$1,047 ",$859 ,"$1,183 ",$225 ,$240 ,,$649 ,$450 ,$400 
10/23/18,$259 ,$290 ,$300 ,$400 ,$470 ,$423 ,$570 ,$410 ,$420 ,"$1,047 ",$859 ,"$1,183 ",$225 ,$235 ,,$649 ,$450 ,$400 
10/24/18,$259 ,$290 ,$300 ,$400 ,$470 ,$423 ,$570 ,$410 ,$420 ,"$1,040 ",$859 ,$871 ,$225 ,$240 ,,$649 ,$450 ,$400 
10/25/18,$259 ,$290 ,$300 ,$400 ,$470 ,$423 ,$570 ,$455 ,$420 ,"$1,040 ",$830 ,"$1,200 ",$225 ,$240 ,,$649 ,$450 ,$400 
10/26/18,$259 ,$290 ,$300 ,$400 ,$470 ,$423 ,$578 ,$455 ,$420 ,"$1,040 ",$829 ,"$1,150 ",$225 ,$240 ,,$649 ,$450 ,$400 
10/27/18,$259 ,$290 ,$295 ,$400 ,$470 ,$423 ,$550 ,$455 ,$420 ,$998 ,$800 ,"$1,150 ",$225 ,$280 ,,$649 ,$450 ,$400 
10/28/18,$259 ,$290 ,$295 ,$400 ,$470 ,$423 ,$550 ,$455 ,$420 ,$991 ,$800 ,"$1,149 ",$225 ,$280 ,,$649 ,$450 ,$400 
10/29/18,$259 ,$280 ,$280 ,$400 ,$470 ,$423 ,$550 ,$455 ,$410 ,$998 ,$778 ,"$1,149 ",$225 ,$280 ,,$649 ,$450 ,$459 
10/30/18,$259 ,$280 ,$280 ,$400 ,$470 ,$423 ,$550 ,$455 ,$420 ,"$1,047 ",$760 ,"$1,149 ",$225 ,$280 ,,$649 ,$450 ,$459 
10/31/18,$259 ,$280 ,$280 ,$400 ,$470 ,$423 ,$398 ,$425 ,$420 ,"$1,047 ",$778 ,"$1,149 ",$225 ,$280 ,,$642 ,$450 ,$475 
11/1/18,$283 ,$290 ,$280 ,$400 ,$470 ,$399 ,$530 ,$420 ,$430 ,"$1,147 ",$767 ,"$1,149 ",$225 ,$280 ,,$642 ,$450 ,$475 
11/2/18,$283 ,$290 ,$280 ,$400 ,$470 ,$385 ,$398 ,$420 ,$430 ,"$1,147 ",$730 ,$871 ,$225 ,$280 ,,$642 ,$450 ,$475 
11/3/18,$283 ,$290 ,$280 ,$400 ,$470 ,$385 ,$398 ,$420 ,$430 ,"$1,478 ",$865 ,$871 ,$225 ,$280 ,,$642 ,$450 ,$450 
11/4/18,$285 ,$290 ,$280 ,$400 ,$470 ,$385 ,$398 ,$420 ,$430 ,"$1,478 ",$865 ,$871 ,$225 ,$280 ,,$642 ,$450 ,$400 
11/5/18,$260 ,$290 ,$280 ,$400 ,$470 ,$399 ,$504 ,$420 ,$430 ,"$1,600 ",$865 ,$871 ,$225 ,$273 ,,$642 ,$450 ,$839 
11/6/18,$260 ,$290 ,$280 ,$400 ,$470 ,$400 ,$530 ,$420 ,$430 ,"$1,280 ",$865 ,$871 ,$225 ,$273 ,,$642 ,$450 ,$459 
11/7/18,$260 ,$290 ,$280 ,$400 ,$470 ,$400 ,$518 ,$420 ,$430 ,"$1,149 ",$865 ,"$1,125 ",$225 ,$280 ,,$642 ,$450 ,$459 
11/8/18,$260 ,$290 ,$280 ,$405 ,$470 ,$400 ,$528 ,$420 ,$430 ,"$1,149 ",$800 ,"$1,125 ",$215 ,$280 ,,$642 ,$433 ,$500 
11/9/18,$260 ,$290 ,$280 ,$434 ,$470 ,$380 ,$528 ,$420 ,$410 ,"$1,149 ",$890 ,"$1,125 ",$215 ,$280 ,,$642 ,$433 ,$500 
11/10/18,$260 ,$290 ,$270 ,$434 ,$470 ,$380 ,$528 ,$420 ,$460 ,"$1,149 ",$890 ,"$1,150 ",$215 ,$273 ,,$642 ,$433 ,$500 
11/11/18,$260 ,$290 ,$270 ,$434 ,$470 ,$380 ,$505 ,$420 ,$470 ,"$1,141 ",$890 ,"$1,150 ",$215 ,$273 ,,$642 ,$433 ,$500 
11/12/18,$260 ,$290 ,$270 ,$405 ,$470 ,$380 ,$528 ,$420 ,$474 ,"$1,141 ",$890 ,"$1,150 ",$215 ,$273 ,,$642 ,$439 ,$500 
11/13/18,$260 ,$290 ,$270 ,$405 ,$470 ,$400 ,$398 ,$420 ,$474 ,"$1,140 ",$885 ,"$1,100 ",$210 ,$273 ,,$642 ,$439 ,$500 
11/14/18,$260 ,$290 ,$270 ,$405 ,$470 ,$400 ,$525 ,$420 ,$474 ,"$1,141 ",$890 ,"$1,299 ",$210 ,$240 ,,$642 ,$439 ,$500 
11/15/18,$260 ,$290 ,$270 ,$450 ,$470 ,$400 ,$505 ,$420 ,$474 ,"$1,199 ",$927 ,$849 ,$209 ,$240 ,,$642 ,$410 ,$500 
11/16/18,$260 ,$290 ,$270 ,$450 ,$470 ,$400 ,$517 ,$420 ,$474 ,"$1,299 ",$890 ,"$1,299 ",$209 ,$239 ,,$642 ,$410 ,$499 
11/17/18,$260 ,$290 ,$270 ,$450 ,$470 ,$400 ,$518 ,$420 ,$474 ,"$1,299 ",$927 ,"$1,299 ",$209 ,$239 ,,$642 ,$410 ,$499 
11/18/18,$260 ,$290 ,$270 ,$450 ,$470 ,$400 ,$380 ,$420 ,$473 ,"$1,299 ",$951 ,"$1,299 ",$209 ,$239 ,,$642 ,$410 ,$450 
11/19/18,$260 ,$290 ,$270 ,$451 ,$470 ,$400 ,$512 ,$420 ,$472 ,"$1,299 ",$951 ,"$1,500 ",$209 ,$240 ,,$642 ,$408 ,$479 
11/20/18,$260 ,$290 ,$240 ,$451 ,$470 ,$400 ,$523 ,$420 ,$472 ,"$1,299 ",$927 ,"$1,500 ",$200 ,$240 ,,$642 ,$408 ,$479 
11/21/18,$260 ,$323 ,$290 ,$451 ,$470 ,$400 ,$508 ,$420 ,$472 ,"$1,298 ",$927 ,"$1,600 ",$200 ,$240 ,,$642 ,$408 ,$400 
11/22/18,$260 ,$318 ,$289 ,$451 ,$470 ,$400 ,$492 ,$420 ,$440 ,"$1,298 ",$920 ,"$1,800 ",$213 ,$240 ,,$642 ,$408 ,$400 
11/23/18,$260 ,$318 ,$288 ,$451 ,$470 ,$400 ,$504 ,$420 ,$420 ,"$1,298 ",$972 ,"$1,600 ",$210 ,$240 ,,$475 ,$340 ,$479 
11/24/18,$260 ,$318 ,$305 ,$451 ,$470 ,$400 ,$530 ,$420 ,$420 ,"$1,298 ",$972 ,"$1,800 ",$225 ,$250 ,,$642 ,$408 ,$499 
11/25/18,$260 ,$318 ,$295 ,$451 ,$470 ,$400 ,$430 ,$420 ,$473 ,"$1,298 ",$972 ,"$1,800 ",$239 ,$250 ,,$642 ,$408 ,$499 
11/26/18,$260 ,$320 ,$295 ,$469 ,$470 ,$400 ,$540 ,$420 ,$400 ,"$1,290 ",$800 ,"$1,600 ",$252 ,$260 ,,$770 ,$408 ,$499 
11/27/18,$260 ,$296 ,$294 ,$469 ,$470 ,$400 ,$569 ,$420 ,$400 ,"$1,290 ",$800 ,"$1,800 ",$210 ,$280 ,,$650 ,$410 ,$499 
11/28/18,$278 ,$296 ,$294 ,$469 ,$470 ,$400 ,$585 ,$420 ,$430 ,"$1,398 ",$800 ,"$1,800 ",$210 ,$255 ,,$650 ,$410 ,$499 
11/29/18,$278 ,$296 ,$294 ,$469 ,$470 ,$400 ,$577 ,$420 ,$430 ,"$1,398 ",$800 ,"$2,000 ",$210 ,$259 ,,$690 ,$410 ,$600 
11/30/18,$278 ,$296 ,$230 ,$469 ,$470 ,$400 ,$460 ,$460 ,$427 ,"$1,298 ",$920 ,"$2,000 ",$210 ,$239 ,,$770 ,$410 ,$600 
12/1/18,$278 ,$296 ,$230 ,$469 ,$470 ,$400 ,$528 ,$460 ,$420 ,"$1,349 ","$1,018 ","$2,000 ",$210 ,$239 ,,$770 ,$440 ,$600 
12/2/18,$284 ,$296 ,$230 ,$469 ,$450 ,$400 ,$584 ,$460 ,$410 ,"$1,298 ","$1,018 ","$2,000 ",$270 ,$239 ,,$770 ,$440 ,$600 
12/3/18,$291 ,$296 ,$290 ,$469 ,$450 ,$400 ,$584 ,$460 ,$410 ,"$1,298 ","$1,018 ","$2,000 ",$225 ,$253 ,,$770 ,$440 ,$957 
12/4/18,$289 ,$296 ,$289 ,$469 ,$450 ,$400 ,$585 ,$460 ,$500 ,"$1,298 ","$1,100 ","$2,000 ",$225 ,$253 ,,$768 ,$440 ,$750 
12/5/18,$260 ,$290 ,$280 ,$480 ,$450 ,$427 ,$584 ,$494 ,$380 ,"$1,298 ","$1,045 ","$2,000 ",$210 ,$263 ,,$750 ,$437 ,$799 
12/6/18,$260 ,$290 ,$230 ,$480 ,$537 ,$427 ,$534 ,$480 ,$500 ,"$1,298 ","$1,105 ","$2,000 ",$225 ,$263 ,,$750 ,$435 ,$600 
12/7/18,$260 ,$290 ,$280 ,$529 ,$537 ,$427 ,$533 ,$480 ,$492 ,"$1,398 ","$1,099 ","$2,000 ",$253 ,$269 ,,$749 ,$432 ,$600 
12/8/18,$260 ,$250 ,$240 ,$529 ,$500 ,$427 ,$580 ,$480 ,$490 ,"$1,398 ","$1,099 ","$2,000 ",$253 ,$278 ,,$700 ,$432 ,$600 
12/9/18,$260 ,$310 ,$305 ,$529 ,$500 ,$427 ,$523 ,$480 ,$490 ,"$1,398 ","$1,099 ","$2,000 ",$253 ,$278 ,,$700 ,$399 ,$600 
12/10/18,$260 ,$310 ,$240 ,$529 ,$500 ,$427 ,$534 ,$469 ,$490 ,"$1,398 ","$1,099 ","$2,000 ",$253 ,$278 ,,$700 ,$431 ,$600 
12/11/18,$260 ,$230 ,$364 ,$529 ,$500 ,$427 ,$534 ,$469 ,$490 ,"$1,221 ","$1,099 ","$2,000 ",$230 ,$272 ,,$700 ,$431 ,$600 
12/12/18,$260 ,$230 ,$364 ,$529 ,$500 ,$427 ,$534 ,$469 ,$490 ,"$1,221 ","$1,099 ","$2,000 ",$230 ,$272 ,,$700 ,$431 ,$600 